// Generated by gen_assets.py: bóbr images, RGB565 on the screen background
#pragma once
#include <Arduino.h>

#define BOBR_DIM_W 51
#define BOBR_DIM_H 56
const uint16_t bobr_dim[] PROGMEM = {
  0x0882,0x0882,0x0882,0x0882,0x0882,0x0882,0x0882,0x0882,0x0882,0x0882,0x0882,0x0882,0x0882,0x0882,0x0882,0x0882,
  0x0882,0x0882,0x0882,0x0882,0x0882,0x0882,0x0882,0x0882,0x0882,0x0882,0x0882,0x0882,0x0882,0x0882,0x0882,0x0882,
  0x0882,0x0882,0x0882,0x0882,0x0882,0x0882,0x0882,0x0882,0x0882,0x0882,0x0882,0x0882,0x0882,0x0882,0x0882,0x0882,
  0x0882,0x0882,0x0882,0x0882,0x0882,0x0882,0x0882,0x0882,0x0882,0x0882,0x0882,0x0882,0x0882,0x0882,0x0882,0x0882,
  0x18C3,0x2103,0x10A2,0x0882,0x0882,0x20E3,0x6266,0x6AA7,0x6266,0x20E3,0x0882,0x0882,0x0882,0x0882,0x0882,0x0882,
  0x0882,0x0882,0x0882,0x0882,0x0882,0x0882,0x0882,0x0882,0x0882,0x0882,0x0882,0x0882,0x0882,0x0882,0x0882,0x0882,
  0x0882,0x0882,0x0882,0x0882,0x0882,0x0882,0x0882,0x0882,0x0882,0x0882,0x0882,0x0882,0x0882,0x0882,0x0882,0x0882,
  0x20E3,0x41A5,0x6266,0x6AA7,0x6AA7,0x6AA7,0x5206,0x3964,0x6266,0x6AA7,0x6AA7,0x6AA7,0x5A26,0x0882,0x0882,0x0882,
  0x0882,0x0882,0x0882,0x0882,0x0882,0x0882,0x0882,0x0882,0x0882,0x0882,0x0882,0x0882,0x0882,0x0882,0x0882,0x0882,
  0x0882,0x0882,0x0882,0x0882,0x0882,0x0882,0x0882,0x0882,0x0882,0x0882,0x0882,0x0882,0x0882,0x0882,0x0882,0x0882,
  0x0882,0x10A2,0x49C5,0x6AA7,0x6AA7,0x6AA7,0x6AA7,0x6AA7,0x6AA7,0x6AA7,0x6AA7,0x6AA7,0x6AA7,0x6AA7,0x6AA7,0x6AA7,
  0x0882,0x0882,0x0882,0x0882,0x0882,0x0882,0x0882,0x0882,0x0882,0x0882,0x0882,0x0882,0x0882,0x0882,0x0882,0x0882,
  0x0882,0x0882,0x0882,0x0882,0x0882,0x0882,0x0882,0x0882,0x0882,0x0882,0x0882,0x0882,0x0882,0x0882,0x0882,0x0882,
  0x0882,0x10A2,0x2103,0x2103,0x6A87,0x6AA7,0x6AA7,0x6AA7,0x6266,0x41A5,0x51E5,0x6AA7,0x6AA7,0x6AA7,0x6AA7,0x6AA7,
  0x6AA7,0x6AA7,0x49C5,0x0882,0x0882,0x0882,0x0882,0x0882,0x0882,0x0882,0x0882,0x0882,0x0882,0x0882,0x0882,0x0882,
  0x0882,0x0882,0x0882,0x0882,0x0882,0x0882,0x0882,0x0882,0x0882,0x0882,0x0882,0x0882,0x0882,0x0882,0x0882,0x0882,
  0x0882,0x0882,0x2103,0x5206,0x6A87,0x6AA7,0x6AA7,0x6AA7,0x6AA7,0x6AA7,0x6AA7,0x18C3,0x0882,0x0882,0x41A5,0x6AA7,
  0x6AA7,0x6AA7,0x6AA7,0x6AA7,0x5206,0x10A2,0x0882,0x0882,0x0882,0x0882,0x0882,0x0882,0x0882,0x0882,0x0882,0x0882,
  0x0882,0x0882,0x0882,0x0882,0x0882,0x0882,0x0882,0x0882,0x0882,0x0882,0x0882,0x0882,0x0882,0x0882,0x0882,0x0882,
  0x0882,0x0882,0x0882,0x0882,0x51E5,0x6AA7,0x6AA7,0x6AA7,0x6AA7,0x6AA7,0x6AA7,0x6AA7,0x6AA7,0x5206,0x0882,0x0882,
  0x0882,0x2103,0x6AA7,0x6AA7,0x6AA7,0x6AA7,0x6AA7,0x6A87,0x10A2,0x0882,0x0882,0x0882,0x0882,0x0882,0x0882,0x0882,
  0x0882,0x0882,0x0882,0x0882,0x0882,0x0882,0x0882,0x0882,0x0882,0x0882,0x0882,0x0882,0x0882,0x0882,0x0882,0x0882,
  0x0882,0x0882,0x0882,0x0882,0x0882,0x0882,0x3985,0x6AA7,0x6AA7,0x6AA7,0x6AA7,0x6AA7,0x6AA7,0x6AA7,0x6AA7,0x6AA7,
  0x6AA7,0x10A2,0x0882,0x0882,0x3985,0x6AA7,0x6AA7,0x6AA7,0x6AA7,0x6AA7,0x6AA7,0x3985,0x0882,0x0882,0x0882,0x0882,
  0x0882,0x0882,0x0882,0x0882,0x0882,0x0882,0x0882,0x0882,0x0882,0x0882,0x0882,0x0882,0x0882,0x0882,0x0882,0x0882,
  0x0882,0x0882,0x0882,0x0882,0x0882,0x0882,0x0882,0x0882,0x0882,0x6AA7,0x6AA7,0x6AA7,0x6AA7,0x6AA7,0x6AA7,0x6AA7,
  0x6AA7,0x6AA7,0x6AA7,0x6AA7,0x6266,0x3985,0x49C5,0x6AA7,0x6AA7,0x6AA7,0x6AA7,0x6AA7,0x6AA7,0x6AA7,0x5206,0x0882,
  0x0882,0x0882,0x0882,0x0882,0x0882,0x0882,0x0882,0x0882,0x0882,0x0882,0x0882,0x0882,0x0882,0x0882,0x0882,0x0882,
  0x0882,0x0882,0x0882,0x0882,0x0882,0x0882,0x0882,0x0882,0x0882,0x0882,0x0882,0x0882,0x6AA7,0x6AA7,0x6AA7,0x6AA7,
  0x6AA7,0x6AA7,0x6AA7,0x6AA7,0x6AA7,0x6AA7,0x6AA7,0x6AA7,0x6AA7,0x6AA7,0x6AA7,0x6AA7,0x6AA7,0x6AA7,0x6AA7,0x6AA7,
  0x6AA7,0x5206,0x0882,0x0882,0x0882,0x0882,0x0882,0x0882,0x0882,0x0882,0x0882,0x0882,0x0882,0x0882,0x0882,0x0882,
  0x0882,0x0882,0x0882,0x0882,0x0882,0x0882,0x0882,0x0882,0x0882,0x0882,0x0882,0x0882,0x0882,0x0882,0x0882,0x3985,
  0x49C5,0x3985,0x2924,0x2103,0x2103,0x2103,0x2103,0x3144,0x51E5,0x6AA7,0x6AA7,0x6AA7,0x6AA7,0x6AA7,0x6AA7,0x6AA7,
  0x6AA7,0x6AA7,0x6AA7,0x6AA7,0x5206,0x0882,0x0882,0x0882,0x0882,0x0882,0x0882,0x0882,0x0882,0x0882,0x0882,0x0882,
  0x0882,0x0882,0x0882,0x0882,0x0882,0x0882,0x0882,0x0882,0x0882,0x0882,0x0882,0x0882,0x0882,0x0882,0x0882,0x0882,
  0x0882,0x0882,0x0882,0x0882,0x0882,0x0882,0x0882,0x0882,0x0882,0x0882,0x0882,0x0882,0x5A26,0x6AA7,0x6AA7,0x6AA7,
  0x6AA7,0x6AA7,0x6AA7,0x6AA7,0x6AA7,0x6AA7,0x6AA7,0x51E5,0x0882,0x0882,0x0882,0x0882,0x0882,0x0882,0x0882,0x0882,
  0x0882,0x0882,0x0882,0x0882,0x0882,0x0882,0x0882,0x0882,0x0882,0x0882,0x0882,0x0882,0x0882,0x0882,0x0882,0x0882,
  0x0882,0x0882,0x0882,0x0882,0x0882,0x0882,0x0882,0x0882,0x0882,0x0882,0x0882,0x0882,0x20E3,0x3964,0x6266,0x6AA7,
  0x6AA7,0x6AA7,0x6AA7,0x6AA7,0x6AA7,0x6AA7,0x6AA7,0x6AA7,0x6AA7,0x6AA7,0x41A5,0x0882,0x0882,0x0882,0x0882,0x0882,
  0x0882,0x0882,0x0882,0x0882,0x0882,0x0882,0x0882,0x0882,0x0882,0x0882,0x0882,0x0882,0x0882,0x0882,0x0882,0x0882,
  0x0882,0x0882,0x0882,0x0882,0x0882,0x0882,0x0882,0x0882,0x0882,0x0882,0x2103,0x5206,0x5206,0x6AA7,0x6AA7,0x6AA7,
  0x6AA7,0x6AA7,0x6AA7,0x6AA7,0x6AA7,0x6AA7,0x6AA7,0x6AA7,0x6AA7,0x6AA7,0x6AA7,0x6AA7,0x6AA7,0x6AA7,0x5A26,0x10A2,
  0x0882,0x0882,0x0882,0x0882,0x0882,0x0882,0x0882,0x0882,0x0882,0x0882,0x0882,0x0882,0x0882,0x0882,0x0882,0x0882,
  0x0882,0x0882,0x0882,0x0882,0x0882,0x0882,0x0882,0x0882,0x0882,0x0882,0x0882,0x0882,0x0882,0x0882,0x5A26,0x6AA7,
  0x6AA7,0x6AA7,0x6AA7,0x6AA7,0x6AA7,0x6AA7,0x6AA7,0x6AA7,0x6AA7,0x6AA7,0x6AA7,0x6AA7,0x6AA7,0x6AA7,0x6AA7,0x6AA7,
  0x6AA7,0x6AA7,0x5A26,0x10A2,0x0882,0x0882,0x0882,0x0882,0x0882,0x0882,0x0882,0x0882,0x0882,0x0882,0x0882,0x0882,
  0x0882,0x0882,0x0882,0x0882,0x0882,0x0882,0x0882,0x0882,0x0882,0x0882,0x0882,0x0882,0x0882,0x0882,0x0882,0x0882,
  0x0882,0x0882,0x49C5,0x6AA7,0x6AA7,0x6AA7,0x6AA7,0x6AA7,0x6AA7,0x6AA7,0x6AA7,0x6AA7,0x6AA7,0x6AA7,0x6AA7,0x6AA7,
  0x6AA7,0x6AA7,0x6AA7,0x6AA7,0x6AA7,0x6AA7,0x5A26,0x0882,0x0882,0x0882,0x0882,0x0882,0x0882,0x0882,0x0882,0x0882,
  0x0882,0x0882,0x0882,0x0882,0x0882,0x0882,0x0882,0x0882,0x0882,0x0882,0x0882,0x0882,0x0882,0x0882,0x0882,0x0882,
  0x0882,0x0882,0x0882,0x0882,0x0882,0x0882,0x20E3,0x5206,0x6AA7,0x6AA7,0x6AA7,0x6AA7,0x6AA7,0x6AA7,0x6AA7,0x6AA7,
  0x6AA7,0x6AA7,0x6AA7,0x6AA7,0x6AA7,0x6AA7,0x6AA7,0x6AA7,0x6AA7,0x6AA7,0x3144,0x0882,0x0882,0x0882,0x0882,0x0882,
  0x0882,0x0882,0x0882,0x0882,0x0882,0x0882,0x0882,0x0882,0x0882,0x0882,0x0882,0x0882,0x0882,0x0882,0x0882,0x0882,
  0x0882,0x0882,0x0882,0x0882,0x0882,0x0882,0x0882,0x0882,0x0882,0x0882,0x0882,0x18C3,0x6A87,0x6AA7,0x6AA7,0x6AA7,
  0x6AA7,0x6AA7,0x6AA7,0x6AA7,0x6AA7,0x6AA7,0x6AA7,0x6AA7,0x6AA7,0x6AA7,0x6AA7,0x6AA7,0x6AA7,0x6266,0x0882,0x0882,
  0x0882,0x0882,0x0882,0x0882,0x0882,0x0882,0x0882,0x0882,0x0882,0x0882,0x0882,0x0882,0x0882,0x0882,0x0882,0x0882,
  0x0882,0x0882,0x0882,0x0882,0x0882,0x0882,0x0882,0x0882,0x0882,0x0882,0x0882,0x0882,0x0882,0x0882,0x3144,0x6AA7,
  0x6AA7,0x6AA7,0x6AA7,0x6AA7,0x6AA7,0x6AA7,0x6AA7,0x6AA7,0x6AA7,0x6AA7,0x6AA7,0x6AA7,0x6AA7,0x6AA7,0x6AA7,0x6AA7,
  0x6AA7,0x2924,0x0882,0x0882,0x0882,0x0882,0x0882,0x0882,0x0882,0x0882,0x0882,0x0882,0x0882,0x0882,0x0882,0x0882,
  0x0882,0x0882,0x0882,0x0882,0x0882,0x0882,0x0882,0x0882,0x0882,0x0882,0x0882,0x0882,0x0882,0x0882,0x0882,0x0882,
  0x0882,0x5A26,0x6AA7,0x6AA7,0x6AA7,0x6AA7,0x6AA7,0x6AA7,0x6AA7,0x6AA7,0x6AA7,0x6AA7,0x6AA7,0x6AA7,0x6AA7,0x6AA7,
  0x6AA7,0x6AA7,0x6AA7,0x6AA7,0x3985,0x0882,0x0882,0x0882,0x0882,0x0882,0x0882,0x0882,0x0882,0x0882,0x0882,0x0882,
  0x0882,0x0882,0x0882,0x0882,0x0882,0x0882,0x0882,0x0882,0x0882,0x0882,0x0882,0x0882,0x0882,0x0882,0x0882,0x0882,
  0x0882,0x0882,0x0882,0x0882,0x6AA7,0x6AA7,0x6AA7,0x6AA7,0x6AA7,0x6AA7,0x6AA7,0x6AA7,0x6AA7,0x6AA7,0x6AA7,0x6AA7,
  0x6AA7,0x6AA7,0x6AA7,0x6AA7,0x6AA7,0x6AA7,0x6AA7,0x5206,0x0882,0x0882,0x0882,0x0882,0x0882,0x0882,0x0882,0x0882,
  0x0882,0x0882,0x0882,0x0882,0x0882,0x0882,0x0882,0x0882,0x0882,0x0882,0x0882,0x0882,0x0882,0x0882,0x0882,0x0882,
  0x0882,0x0882,0x0882,0x0882,0x0882,0x0882,0x2924,0x6AA7,0x6AA7,0x6AA7,0x6AA7,0x6AA7,0x6AA7,0x6AA7,0x6AA7,0x6AA7,
  0x6AA7,0x6AA7,0x6AA7,0x6AA7,0x6AA7,0x6AA7,0x6AA7,0x6AA7,0x6AA7,0x6AA7,0x5206,0x0882,0x0882,0x0882,0x0882,0x0882,
  0x0882,0x0882,0x0882,0x0882,0x0882,0x0882,0x0882,0x0882,0x0882,0x0882,0x0882,0x0882,0x0882,0x0882,0x0882,0x0882,
  0x0882,0x0882,0x0882,0x0882,0x0882,0x0882,0x0882,0x0882,0x10A2,0x5A26,0x6AA7,0x6AA7,0x6AA7,0x6AA7,0x6AA7,0x6AA7,
  0x6AA7,0x6AA7,0x6AA7,0x6AA7,0x6AA7,0x6AA7,0x6AA7,0x6AA7,0x6AA7,0x6AA7,0x6AA7,0x6AA7,0x6AA7,0x6AA7,0x0882,0x0882,
  0x0882,0x0882,0x0882,0x0882,0x0882,0x0882,0x0882,0x0882,0x0882,0x0882,0x0882,0x0882,0x0882,0x0882,0x0882,0x0882,
  0x0882,0x0882,0x0882,0x0882,0x0882,0x0882,0x0882,0x0882,0x0882,0x0882,0x20E3,0x5A26,0x6AA7,0x6AA7,0x6AA7,0x6AA7,
  0x6AA7,0x6AA7,0x6AA7,0x6AA7,0x6AA7,0x6AA7,0x6AA7,0x6AA7,0x6AA7,0x6AA7,0x6AA7,0x6AA7,0x6AA7,0x6AA7,0x6AA7,0x6AA7,
  0x6266,0x10A2,0x0882,0x0882,0x0882,0x0882,0x0882,0x0882,0x0882,0x0882,0x0882,0x0882,0x0882,0x0882,0x0882,0x0882,
  0x0882,0x0882,0x0882,0x0882,0x0882,0x0882,0x0882,0x0882,0x0882,0x0882,0x0882,0x0882,0x10A2,0x6266,0x6AA7,0x6AA7,
  0x6AA7,0x6AA7,0x6AA7,0x6AA7,0x6AA7,0x6AA7,0x6AA7,0x6AA7,0x6AA7,0x6AA7,0x6AA7,0x6AA7,0x6AA7,0x6AA7,0x6AA7,0x6AA7,
  0x6AA7,0x6AA7,0x6AA7,0x6AA7,0x6A87,0x20E3,0x0882,0x0882,0x0882,0x0882,0x0882,0x0882,0x0882,0x0882,0x0882,0x0882,
  0x0882,0x0882,0x0882,0x0882,0x0882,0x0882,0x0882,0x0882,0x0882,0x0882,0x0882,0x0882,0x0882,0x0882,0x0882,0x51E5,
  0x6AA7,0x6AA7,0x6AA7,0x6AA7,0x6AA7,0x6AA7,0x6AA7,0x6AA7,0x6AA7,0x6AA7,0x6AA7,0x6AA7,0x6AA7,0x6AA7,0x6AA7,0x6AA7,
  0x6AA7,0x6AA7,0x6AA7,0x6AA7,0x6AA7,0x6AA7,0x6AA7,0x6AA7,0x5A26,0x10A2,0x0882,0x0882,0x0882,0x0882,0x0882,0x0882,
  0x0882,0x0882,0x0882,0x0882,0x0882,0x0882,0x0882,0x0882,0x0882,0x0882,0x0882,0x0882,0x0882,0x0882,0x0882,0x0882,
  0x0882,0x18C3,0x6AA7,0x6AA7,0x6AA7,0x6AA7,0x6AA7,0x6AA7,0x6AA7,0x6AA7,0x6AA7,0x6AA7,0x6AA7,0x6AA7,0x6AA7,0x6AA7,
  0x6AA7,0x6AA7,0x6AA7,0x6AA7,0x6AA7,0x6AA7,0x6AA7,0x6AA7,0x6AA7,0x6AA7,0x6AA7,0x6AA7,0x5A26,0x10A2,0x0882,0x0882,
  0x0882,0x0882,0x0882,0x0882,0x0882,0x0882,0x0882,0x0882,0x0882,0x0882,0x0882,0x0882,0x0882,0x0882,0x0882,0x0882,
  0x0882,0x0882,0x0882,0x0882,0x20E3,0x6AA7,0x6AA7,0x6AA7,0x6AA7,0x6AA7,0x6AA7,0x6AA7,0x6AA7,0x6AA7,0x6AA7,0x6AA7,
  0x6AA7,0x6AA7,0x6AA7,0x6AA7,0x6AA7,0x6AA7,0x6AA7,0x6AA7,0x6AA7,0x6AA7,0x6AA7,0x6AA7,0x6AA7,0x6AA7,0x6AA7,0x6AA7,
  0x3985,0x0882,0x0882,0x0882,0x0882,0x0882,0x0882,0x0882,0x0882,0x0882,0x0882,0x0882,0x0882,0x0882,0x0882,0x0882,
  0x0882,0x0882,0x0882,0x0882,0x0882,0x0882,0x0882,0x0882,0x3964,0x5206,0x41A5,0x2103,0x49C5,0x6AA7,0x6AA7,0x6AA7,
  0x6AA7,0x6AA7,0x6AA7,0x6AA7,0x6AA7,0x6AA7,0x6AA7,0x6AA7,0x6AA7,0x6AA7,0x6AA7,0x6AA7,0x6AA7,0x6AA7,0x6AA7,0x6AA7,
  0x6AA7,0x6AA7,0x6AA7,0x6AA7,0x18C3,0x0882,0x0882,0x0882,0x0882,0x0882,0x0882,0x0882,0x0882,0x0882,0x0882,0x0882,
  0x0882,0x0882,0x0882,0x0882,0x0882,0x0882,0x0882,0x0882,0x0882,0x0882,0x0882,0x0882,0x0882,0x0882,0x0882,0x49C5,
  0x6AA7,0x6AA7,0x6AA7,0x6AA7,0x6AA7,0x6AA7,0x6AA7,0x6AA7,0x6AA7,0x6AA7,0x6AA7,0x6AA7,0x6AA7,0x6AA7,0x6AA7,0x6AA7,
  0x6AA7,0x6AA7,0x6AA7,0x6AA7,0x6AA7,0x6AA7,0x6AA7,0x49C5,0x0882,0x0882,0x0882,0x0882,0x0882,0x0882,0x0882,0x0882,
  0x0882,0x0882,0x0882,0x0882,0x0882,0x0882,0x0882,0x0882,0x0882,0x0882,0x0882,0x0882,0x0882,0x0882,0x0882,0x0882,
  0x0882,0x0882,0x6A87,0x6AA7,0x6AA7,0x6AA7,0x6AA7,0x6AA7,0x6AA7,0x6AA7,0x6AA7,0x6AA7,0x6AA7,0x6AA7,0x6AA7,0x6AA7,
  0x6AA7,0x6AA7,0x6AA7,0x6AA7,0x6AA7,0x6AA7,0x6AA7,0x6AA7,0x6AA7,0x6AA7,0x6A87,0x0882,0x0882,0x0882,0x0882,0x0882,
  0x0882,0x0882,0x0882,0x0882,0x0882,0x0882,0x0882,0x0882,0x0882,0x0882,0x0882,0x0882,0x0882,0x0882,0x0882,0x0882,
  0x0882,0x0882,0x0882,0x0882,0x2924,0x6AA7,0x6AA7,0x6AA7,0x6AA7,0x6AA7,0x6AA7,0x6AA7,0x6AA7,0x6AA7,0x6AA7,0x6AA7,
  0x6AA7,0x6AA7,0x6AA7,0x6AA7,0x6AA7,0x6AA7,0x6AA7,0x6AA7,0x6AA7,0x6AA7,0x6AA7,0x6AA7,0x6AA7,0x6AA7,0x2924,0x0882,
  0x0882,0x0882,0x0882,0x0882,0x0882,0x0882,0x0882,0x0882,0x0882,0x0882,0x0882,0x0882,0x0882,0x0882,0x0882,0x0882,
  0x0882,0x0882,0x0882,0x0882,0x0882,0x0882,0x0882,0x3985,0x6AA7,0x6AA7,0x6AA7,0x6AA7,0x6AA7,0x6AA7,0x6AA7,0x6AA7,
  0x6AA7,0x6AA7,0x6AA7,0x6AA7,0x6AA7,0x6AA7,0x6AA7,0x6AA7,0x6AA7,0x6AA7,0x6AA7,0x6AA7,0x6AA7,0x6AA7,0x6AA7,0x6AA7,
  0x6AA7,0x3985,0x0882,0x0882,0x0882,0x0882,0x0882,0x0882,0x0882,0x0882,0x0882,0x0882,0x0882,0x0882,0x0882,0x0882,
  0x0882,0x0882,0x0882,0x0882,0x0882,0x0882,0x0882,0x0882,0x0882,0x0882,0x5206,0x6AA7,0x6AA7,0x6AA7,0x6AA7,0x6AA7,
  0x6AA7,0x6AA7,0x6AA7,0x6AA7,0x6AA7,0x6AA7,0x6AA7,0x6AA7,0x6AA7,0x6AA7,0x6AA7,0x6AA7,0x6AA7,0x6AA7,0x6AA7,0x6AA7,
  0x6AA7,0x6AA7,0x6AA7,0x6AA7,0x5206,0x0882,0x0882,0x0882,0x0882,0x0882,0x0882,0x0882,0x0882,0x0882,0x0882,0x0882,
  0x0882,0x0882,0x0882,0x0882,0x0882,0x0882,0x0882,0x0882,0x0882,0x0882,0x0882,0x0882,0x0882,0x6266,0x6AA7,0x6AA7,
  0x6AA7,0x6AA7,0x6AA7,0x6AA7,0x6AA7,0x6AA7,0x6AA7,0x6AA7,0x6AA7,0x6AA7,0x6AA7,0x6AA7,0x6AA7,0x6AA7,0x6AA7,0x6AA7,
  0x6AA7,0x6AA7,0x6AA7,0x6AA7,0x6AA7,0x6AA7,0x6AA7,0x6266,0x0882,0x0882,0x0882,0x0882,0x0882,0x0882,0x0882,0x0882,
  0x0882,0x0882,0x0882,0x0882,0x0882,0x0882,0x0882,0x0882,0x0882,0x0882,0x0882,0x0882,0x0882,0x0882,0x0882,0x0882,
  0x6AA7,0x6AA7,0x6AA7,0x6AA7,0x6AA7,0x6AA7,0x6AA7,0x6AA7,0x6AA7,0x6AA7,0x6AA7,0x6AA7,0x6AA7,0x6AA7,0x6AA7,0x6AA7,
  0x6AA7,0x6AA7,0x6AA7,0x6AA7,0x6AA7,0x6AA7,0x6AA7,0x6AA7,0x6AA7,0x6AA7,0x6AA7,0x0882,0x0882,0x0882,0x0882,0x0882,
  0x0882,0x0882,0x0882,0x0882,0x0882,0x0882,0x0882,0x0882,0x0882,0x0882,0x0882,0x0882,0x0882,0x0882,0x0882,0x0882,
  0x0882,0x0882,0x0882,0x6AA7,0x6AA7,0x6AA7,0x6AA7,0x6AA7,0x6AA7,0x6AA7,0x6AA7,0x6AA7,0x6AA7,0x6AA7,0x6AA7,0x6AA7,
  0x6AA7,0x6AA7,0x6AA7,0x6AA7,0x6AA7,0x6AA7,0x6AA7,0x6AA7,0x6AA7,0x6AA7,0x6AA7,0x6AA7,0x6AA7,0x6AA7,0x0882,0x0882,
  0x0882,0x0882,0x0882,0x0882,0x0882,0x0882,0x0882,0x0882,0x0882,0x0882,0x0882,0x0882,0x0882,0x0882,0x0882,0x0882,
  0x0882,0x0882,0x0882,0x0882,0x0882,0x0882,0x6AA7,0x6AA7,0x6AA7,0x6AA7,0x6AA7,0x6AA7,0x6AA7,0x6AA7,0x6AA7,0x6AA7,
  0x6AA7,0x6AA7,0x6AA7,0x6AA7,0x6AA7,0x6AA7,0x6AA7,0x6AA7,0x6AA7,0x6AA7,0x6AA7,0x6AA7,0x6AA7,0x6AA7,0x6AA7,0x6AA7,
  0x6AA7,0x0882,0x0882,0x0882,0x0882,0x0882,0x0882,0x0882,0x0882,0x0882,0x0882,0x0882,0x0882,0x0882,0x0882,0x0882,
  0x0882,0x0882,0x0882,0x0882,0x0882,0x0882,0x0882,0x0882,0x0882,0x6A87,0x6AA7,0x6AA7,0x6AA7,0x6AA7,0x6AA7,0x6AA7,
  0x6AA7,0x6AA7,0x6AA7,0x6AA7,0x6AA7,0x6AA7,0x6AA7,0x6AA7,0x6AA7,0x6AA7,0x6AA7,0x6AA7,0x6AA7,0x6AA7,0x6AA7,0x6AA7,
  0x6AA7,0x6AA7,0x6AA7,0x6A87,0x0882,0x0882,0x0882,0x0882,0x0882,0x0882,0x0882,0x0882,0x0882,0x0882,0x0882,0x0882,
  0x0882,0x0882,0x0882,0x0882,0x0882,0x0882,0x0882,0x0882,0x0882,0x0882,0x0882,0x0882,0x5206,0x6AA7,0x6AA7,0x6AA7,
  0x6AA7,0x6AA7,0x6AA7,0x6AA7,0x6AA7,0x6AA7,0x6AA7,0x6AA7,0x6AA7,0x6AA7,0x6AA7,0x6AA7,0x6AA7,0x6AA7,0x6AA7,0x6AA7,
  0x6AA7,0x6AA7,0x6AA7,0x6AA7,0x6AA7,0x6AA7,0x5206,0x0882,0x0882,0x0882,0x0882,0x0882,0x0882,0x0882,0x0882,0x0882,
  0x0882,0x0882,0x0882,0x0882,0x0882,0x0882,0x0882,0x0882,0x0882,0x0882,0x0882,0x0882,0x0882,0x0882,0x0882,0x41A5,
  0x6AA7,0x6AA7,0x6AA7,0x6AA7,0x6AA7,0x6AA7,0x6AA7,0x6AA7,0x6AA7,0x6AA7,0x6AA7,0x6AA7,0x6AA7,0x6AA7,0x6AA7,0x6AA7,
  0x6AA7,0x6AA7,0x6AA7,0x6AA7,0x6AA7,0x6AA7,0x6AA7,0x6AA7,0x6AA7,0x41A5,0x0882,0x0882,0x0882,0x0882,0x0882,0x0882,
  0x0882,0x0882,0x0882,0x0882,0x0882,0x0882,0x0882,0x0882,0x0882,0x0882,0x0882,0x0882,0x0882,0x0882,0x0882,0x0882,
  0x0882,0x0882,0x3144,0x6AA7,0x6AA7,0x6AA7,0x6AA7,0x6AA7,0x6AA7,0x6AA7,0x6AA7,0x6AA7,0x6AA7,0x6AA7,0x6AA7,0x6AA7,
  0x6AA7,0x6AA7,0x6AA7,0x6AA7,0x6AA7,0x6AA7,0x6AA7,0x6AA7,0x6AA7,0x6AA7,0x6AA7,0x6AA7,0x3144,0x0882,0x0882,0x0882,
  0x0882,0x0882,0x0882,0x0882,0x0882,0x0882,0x0882,0x0882,0x0882,0x0882,0x0882,0x0882,0x0882,0x0882,0x0882,0x0882,
  0x0882,0x0882,0x0882,0x0882,0x0882,0x10A2,0x6AA7,0x6AA7,0x6AA7,0x6AA7,0x6AA7,0x6AA7,0x6AA7,0x6AA7,0x6AA7,0x6AA7,
  0x6AA7,0x6AA7,0x6AA7,0x6AA7,0x6AA7,0x6AA7,0x6AA7,0x6AA7,0x6AA7,0x6AA7,0x6AA7,0x6AA7,0x6AA7,0x6AA7,0x6A87,0x10A2,
  0x0882,0x0882,0x0882,0x0882,0x0882,0x0882,0x0882,0x0882,0x0882,0x0882,0x0882,0x0882,0x0882,0x0882,0x0882,0x0882,
  0x0882,0x0882,0x0882,0x0882,0x0882,0x0882,0x0882,0x0882,0x0882,0x49C5,0x6AA7,0x6AA7,0x6AA7,0x6AA7,0x6AA7,0x6AA7,
  0x6AA7,0x6AA7,0x6AA7,0x6AA7,0x6AA7,0x6AA7,0x6AA7,0x6AA7,0x6AA7,0x6AA7,0x6AA7,0x6AA7,0x6AA7,0x6AA7,0x6AA7,0x6AA7,
  0x6AA7,0x5A26,0x2103,0x0882,0x0882,0x0882,0x0882,0x0882,0x0882,0x0882,0x0882,0x0882,0x0882,0x0882,0x0882,0x0882,
  0x0882,0x0882,0x0882,0x0882,0x0882,0x0882,0x0882,0x0882,0x0882,0x0882,0x0882,0x0882,0x18C3,0x6AA7,0x6AA7,0x6AA7,
  0x6AA7,0x6AA7,0x6AA7,0x6AA7,0x6AA7,0x6AA7,0x6AA7,0x6AA7,0x6AA7,0x6AA7,0x6AA7,0x6AA7,0x6AA7,0x6AA7,0x6AA7,0x6AA7,
  0x6AA7,0x6AA7,0x6AA7,0x6AA7,0x6AA7,0x6AA7,0x2924,0x0882,0x0882,0x10A2,0x2103,0x3985,0x3985,0x51E5,0x5206,0x5206,
  0x51E5,0x3964,0x2103,0x10A2,0x0882,0x0882,0x0882,0x0882,0x0882,0x0882,0x0882,0x0882,0x0882,0x0882,0x0882,0x0882,
  0x41A5,0x6AA7,0x6AA7,0x6AA7,0x6AA7,0x6AA7,0x6AA7,0x6AA7,0x6AA7,0x6AA7,0x6AA7,0x6AA7,0x6AA7,0x6AA7,0x6AA7,0x6AA7,
  0x6AA7,0x6AA7,0x6AA7,0x6AA7,0x6AA7,0x6AA7,0x6AA7,0x6AA7,0x6AA7,0x6266,0x49C5,0x5A26,0x6AA7,0x6AA7,0x6AA7,0x6AA7,
  0x6AA7,0x6AA7,0x6AA7,0x6AA7,0x6AA7,0x6AA7,0x6266,0x3964,0x0882,0x0882,0x0882,0x0882,0x0882,0x0882,0x0882,0x0882,
  0x0882,0x0882,0x0882,0x10A2,0x6266,0x6AA7,0x6AA7,0x6AA7,0x6AA7,0x6AA7,0x6AA7,0x6AA7,0x6AA7,0x6AA7,0x6AA7,0x6AA7,
  0x6AA7,0x6AA7,0x6AA7,0x6AA7,0x6AA7,0x6AA7,0x6AA7,0x6AA7,0x6AA7,0x6AA7,0x6AA7,0x6AA7,0x6AA7,0x6AA7,0x6AA7,0x6AA7,
  0x6AA7,0x6AA7,0x6AA7,0x6AA7,0x6AA7,0x6AA7,0x6AA7,0x6AA7,0x6AA7,0x6AA7,0x6AA7,0x41A5,0x0882,0x0882,0x0882,0x0882,
  0x0882,0x0882,0x0882,0x0882,0x0882,0x0882,0x0882,0x2924,0x6AA7,0x6AA7,0x6AA7,0x6AA7,0x6AA7,0x6AA7,0x6AA7,0x6AA7,
  0x6AA7,0x6AA7,0x6AA7,0x6AA7,0x6AA7,0x6AA7,0x6AA7,0x6AA7,0x6AA7,0x6AA7,0x6AA7,0x6AA7,0x6AA7,0x6AA7,0x6AA7,0x6AA7,
  0x6AA7,0x6AA7,0x6AA7,0x6AA7,0x6AA7,0x6AA7,0x6AA7,0x6AA7,0x6AA7,0x6AA7,0x6AA7,0x6AA7,0x6AA7,0x6AA7,0x6AA7,0x0882,
  0x0882,0x0882,0x0882,0x0882,0x0882,0x0882,0x0882,0x0882,0x0882,0x0882,0x0882,0x3144,0x6AA7,0x6AA7,0x6AA7,0x6AA7,
  0x6AA7,0x6AA7,0x6AA7,0x6AA7,0x6AA7,0x6AA7,0x6AA7,0x6AA7,0x6AA7,0x6AA7,0x6AA7,0x6AA7,0x6AA7,0x6AA7,0x6AA7,0x6AA7,
  0x6AA7,0x6AA7,0x6AA7,0x6AA7,0x6AA7,0x6AA7,0x6AA7,0x6AA7,0x6AA7,0x6AA7,0x6AA7,0x6AA7,0x6AA7,0x6AA7,0x6AA7,0x6AA7,
  0x6AA7,0x5206,0x0882,0x0882,0x0882,0x0882,0x0882,0x0882,0x0882,0x0882,0x0882,0x0882,0x0882,0x2103,0x2103,0x51E6,
  0x6AA7,0x6AA7,0x6AA7,0x6AA7,0x6AA7,0x6AA7,0x6AA7,0x6AA7,0x6AA7,0x6AA7,0x6AA7,0x6AA7,0x6AA7,0x6AA7,0x6AA7,0x6AA7,
  0x6AA7,0x6AA7,0x6AA7,0x6AA7,0x6AA7,0x6AA7,0x6AA7,0x6AA7,0x6AA7,0x6AA7,0x6AA7,0x6AA7,0x6AA7,0x6AA7,0x6AA7,0x6AA7,
  0x6AA7,0x6AA7,0x6AA7,0x6A87,0x20E3,0x0882,0x0882,0x0882,0x0882,0x0882,0x0882,0x0882,0x10A2,0x3964,0x5A26,0x6AA7,
  0x6AA7,0x6AA7,0x6AA7,0x6AA7,0x6AA7,0x6AA7,0x6AA7,0x6AA7,0x6AA7,0x6AA7,0x6AA7,0x6AA7,0x6AA7,0x6AA7,0x6AA7,0x6AA7,
  0x6AA7,0x6AA7,0x6AA7,0x6AA7,0x6AA7,0x6AA7,0x6AA7,0x6AA7,0x6AA7,0x6AA7,0x6AA7,0x6AA7,0x6AA7,0x6AA7,0x6AA7,0x6AA7,
  0x6AA7,0x6AA7,0x6AA7,0x6AA7,0x6AA7,0x5206,0x18C3,0x0882,0x0882,0x0882,0x0882,0x0882,0x0882,0x0882,0x18C3,0x6266,
  0x6AA7,0x6AA7,0x6AA7,0x6AA7,0x6AA7,0x6AA7,0x6AA7,0x6AA7,0x6AA7,0x6AA7,0x6AA7,0x6AA7,0x6AA7,0x6AA7,0x6AA7,0x6AA7,
  0x5A26,0x49C5,0x3985,0x6AA7,0x6AA7,0x6AA7,0x6AA7,0x6AA7,0x6AA7,0x6AA7,0x6AA7,0x6AA7,0x6AA7,0x6AA7,0x6AA7,0x6AA7,
  0x6AA7,0x6AA7,0x6AA7,0x6AA7,0x6AA7,0x6AA7,0x6A87,0x3964,0x0882,0x0882,0x0882,0x0882,0x0882,0x0882,0x0882,0x0882,
  0x0882,0x10A2,0x5A26,0x6AA7,0x6AA7,0x6AA7,0x6AA7,0x6AA7,0x6AA7,0x6AA7,0x6AA7,0x6AA7,0x6AA7,0x6AA7,0x6AA7,0x6AA7,
  0x6AA7,0x3964,0x0882,0x0882,0x0882,0x20E3,0x6AA7,0x6AA7,0x6AA7,0x6AA7,0x6AA7,0x6AA7,0x6AA7,0x6AA7,0x6AA7,0x6AA7,
  0x6AA7,0x6AA7,0x6AA7,0x6AA7,0x6AA7,0x6AA7,0x6AA7,0x6AA7,0x49C5,0x18C3,0x0882,0x0882,0x0882,0x0882,0x0882,0x0882,
  0x0882,0x0882,0x0882,0x0882,0x0882,0x0882,0x2924,0x5206,0x6A87,0x6AA7,0x6AA7,0x6AA7,0x6AA7,0x6AA7,0x6AA7,0x6AA7,
  0x6AA7,0x5A26,0x49C5,0x18C3,0x0882,0x0882,0x0882,0x0882,0x0882,0x3964,0x6AA7,0x6AA7,0x6AA7,0x6AA7,0x6AA7,0x6AA7,
  0x6AA7,0x6AA7,0x6AA7,0x6AA7,0x6AA7,0x6AA7,0x6AA7,0x6AA7,0x5206,0x2924,0x18C3,0x0882,0x0882,0x0882,0x0882,0x0882,
  0x0882,0x0882,0x0882,0x0882,0x0882,0x0882,0x0882,0x0882,0x0882,0x0882,0x0882,0x0882,0x0882,0x20E3,0x2103,0x2103,
  0x2103,0x2103,0x10A2,0x0882,0x0882,0x0882,0x0882,0x0882,0x0882,0x0882,0x0882,0x0882,0x0882,0x18C3,0x3964,0x5A26,
  0x6AA7,0x6AA7,0x6AA7,0x6AA7,0x6AA7,0x6AA7,0x6266,0x51E5,0x3985,0x2103,0x0882,0x0882,0x0882,0x0882,0x0882,0x0882,
  0x0882,0x0882,0x0882,0x0882,0x0882,0x0882,0x0882,0x0882,0x0882,0x0882,0x0882,0x0882,0x0882,0x0882,0x0882,0x0882,
  0x0882,0x0882,0x0882,0x0882,0x0882,0x0882,0x0882,0x0882,0x0882,0x0882,0x0882,0x0882,0x0882,0x0882,0x0882,0x0882,
  0x0882,0x0882,0x0882,0x0882,0x0882,0x10A2,0x0882,0x0882,0x0882,0x0882,0x0882,0x0882,0x0882,0x0882,0x0882,0x0882,
  0x0882,0x0882,0x0882,0x0882,0x0882,0x0882,0x0882,0x0882,
};

#define BOBR_HOT_W 59
#define BOBR_HOT_H 64
const uint16_t bobr_hot[] PROGMEM = {
  0x0882,0x0882,0x0882,0x0882,0x0882,0x0882,0x0882,0x0882,0x0882,0x0882,0x0882,0x0882,0x0882,0x0882,0x0882,0x0882,
  0x0882,0x0882,0x0882,0x0882,0x0882,0x0882,0x0882,0x0882,0x0882,0x0882,0x0882,0x0882,0x0882,0x0882,0x0882,0x0882,
  0x0882,0x0882,0x0882,0x0882,0x0882,0x0882,0x0882,0x0882,0x0882,0x0882,0x0882,0x0882,0x0882,0x0882,0x0882,0x0882,
  0x0882,0x0882,0x0882,0x0882,0x0882,0x0882,0x0882,0x0882,0x0882,0x0882,0x0882,0x0882,0x0882,0x0882,0x0882,0x0882,
  0x0882,0x0882,0x0882,0x0882,0x0882,0x0882,0x0882,0x0882,0x0882,0x0882,0x0882,0x0882,0x0882,0x0882,0x0882,0x0882,
  0x49C5,0xABA8,0xB3E9,0xA368,0x2923,0x0882,0x0882,0x0882,0x0882,0x0882,0x0882,0x0882,0x0882,0x0882,0x0882,0x0882,
  0x0882,0x0882,0x0882,0x0882,0x0882,0x0882,0x0882,0x0882,0x0882,0x0882,0x0882,0x0882,0x0882,0x0882,0x0882,0x0882,
  0x0882,0x0882,0x0882,0x0882,0x0882,0x0882,0x0882,0x0882,0x0882,0x0882,0x0882,0x0882,0x0882,0x0882,0x0882,0x0882,
  0x0882,0x0882,0x20E3,0x72A6,0x8B07,0xABA8,0xB3E9,0x9347,0x8B07,0x5205,0x2923,0xB3E9,0xB3E9,0xB3E9,0xB3E9,0xA368,
  0x0882,0x0882,0x0882,0x0882,0x0882,0x0882,0x0882,0x0882,0x0882,0x0882,0x0882,0x0882,0x0882,0x0882,0x0882,0x0882,
  0x0882,0x0882,0x0882,0x0882,0x0882,0x0882,0x0882,0x0882,0x0882,0x0882,0x0882,0x0882,0x0882,0x0882,0x0882,0x0882,
  0x0882,0x0882,0x0882,0x0882,0x0882,0x0882,0x0882,0x0882,0x0882,0x0882,0x0882,0x2923,0x8B07,0xB3E9,0xB3E9,0xB3E9,
  0xB3E9,0xB3E9,0xB3E9,0xB3E9,0xB3E9,0xB3E9,0xB3E9,0xB3E9,0xB3E9,0xB3E9,0xB3E9,0x2923,0x0882,0x0882,0x0882,0x0882,
  0x0882,0x0882,0x0882,0x0882,0x0882,0x0882,0x0882,0x0882,0x0882,0x0882,0x0882,0x0882,0x0882,0x0882,0x0882,0x0882,
  0x0882,0x0882,0x0882,0x0882,0x0882,0x0882,0x0882,0x0882,0x0882,0x0882,0x0882,0x0882,0x0882,0x0882,0x0882,0x0882,
  0x0882,0x0882,0x0882,0x0882,0x0882,0x6225,0xB3E9,0xB3E9,0xB3E9,0xB3E9,0xB3E9,0xB3E9,0xB3E9,0xB3E9,0xB3E9,0xB3E9,
  0xB3E9,0xB3E9,0xB3E9,0xB3E9,0xB3E9,0xABA8,0x0882,0x0882,0x0882,0x0882,0x0882,0x0882,0x0882,0x0882,0x0882,0x0882,
  0x0882,0x0882,0x0882,0x0882,0x0882,0x0882,0x0882,0x0882,0x0882,0x0882,0x0882,0x0882,0x0882,0x0882,0x0882,0x0882,
  0x0882,0x0882,0x0882,0x0882,0x0882,0x0882,0x0882,0x0882,0x0882,0x0882,0x0882,0x0882,0x3964,0x6225,0x8B07,0x8B07,
  0xB3E9,0xB3E9,0xB3E9,0xB3E9,0xB3E9,0x5205,0x18C2,0x4184,0xA368,0xB3E9,0xB3E9,0xB3E9,0xB3E9,0xB3E9,0xB3E9,0xB3E9,
  0x6225,0x0882,0x0882,0x0882,0x0882,0x0882,0x0882,0x0882,0x0882,0x0882,0x0882,0x0882,0x0882,0x0882,0x0882,0x0882,
  0x0882,0x0882,0x0882,0x0882,0x0882,0x0882,0x0882,0x0882,0x0882,0x0882,0x0882,0x0882,0x0882,0x0882,0x0882,0x0882,
  0x0882,0x0882,0x0882,0x0882,0x0882,0x49C5,0xA368,0xB3E9,0xB3E9,0xB3E9,0xB3E9,0xB3E9,0xB3E9,0xB3E9,0xB3E9,0x72A6,
  0x0882,0x0882,0x0882,0x4184,0xB3E9,0xB3E9,0xB3E9,0xB3E9,0xB3E9,0xB3E9,0x9347,0x0882,0x0882,0x0882,0x0882,0x0882,
  0x0882,0x0882,0x0882,0x0882,0x0882,0x0882,0x0882,0x0882,0x0882,0x0882,0x0882,0x0882,0x0882,0x0882,0x0882,0x0882,
  0x0882,0x0882,0x0882,0x0882,0x0882,0x0882,0x0882,0x0882,0x0882,0x0882,0x0882,0x0882,0x0882,0x0882,0x0882,0x72A6,
  0xB3E9,0xB3E9,0xB3E9,0xB3E9,0xB3E9,0xB3E9,0xB3E9,0xB3E9,0xB3E9,0xB3E9,0x6225,0x0882,0x0882,0x0882,0x18C2,0xB3E9,
  0xB3E9,0xB3E9,0xB3E9,0xB3E9,0xB3E9,0xB3E9,0x3964,0x0882,0x0882,0x0882,0x0882,0x0882,0x0882,0x0882,0x0882,0x0882,
  0x0882,0x0882,0x0882,0x0882,0x0882,0x0882,0x0882,0x0882,0x0882,0x0882,0x0882,0x0882,0x0882,0x0882,0x0882,0x0882,
  0x0882,0x0882,0x0882,0x0882,0x0882,0x0882,0x0882,0x0882,0x0882,0x6225,0xB3E9,0xB3E9,0xB3E9,0xB3E9,0xB3E9,0xB3E9,
  0xB3E9,0xB3E9,0xB3E9,0xB3E9,0xB3E9,0x8B07,0x0882,0x0882,0x0882,0x5205,0xB3E9,0xB3E9,0xB3E9,0xB3E9,0xB3E9,0xB3E9,
  0xB3E9,0x82C7,0x0882,0x0882,0x0882,0x0882,0x0882,0x0882,0x0882,0x0882,0x0882,0x0882,0x0882,0x0882,0x0882,0x0882,
  0x0882,0x0882,0x0882,0x0882,0x0882,0x0882,0x0882,0x0882,0x0882,0x0882,0x0882,0x0882,0x0882,0x0882,0x0882,0x0882,
  0x0882,0x0882,0x0882,0x0882,0xB3E9,0xB3E9,0xB3E9,0xB3E9,0xB3E9,0xB3E9,0xB3E9,0xB3E9,0xB3E9,0xB3E9,0xB3E9,0xB3E9,
  0xB3E9,0x8B07,0x6225,0x72A6,0xB3E9,0xB3E9,0xB3E9,0xB3E9,0xB3E9,0xB3E9,0xB3E9,0xB3E9,0x9347,0x0882,0x0882,0x0882,
  0x0882,0x0882,0x0882,0x0882,0x0882,0x0882,0x0882,0x0882,0x0882,0x0882,0x0882,0x0882,0x0882,0x0882,0x0882,0x0882,
  0x0882,0x0882,0x0882,0x0882,0x0882,0x0882,0x0882,0x0882,0x0882,0x0882,0x0882,0x0882,0x0882,0x0882,0x0882,0xB3E9,
  0xB3E9,0xB3E9,0xB3E9,0xB3E9,0xB3E9,0xB3E9,0xB3E9,0xB3E9,0xB3E9,0xB3E9,0xB3E9,0xB3E9,0xB3E9,0xB3E9,0xB3E9,0xB3E9,
  0xB3E9,0xB3E9,0xB3E9,0xB3E9,0xB3E9,0xB3E9,0xB3E9,0xB3E9,0x0882,0x0882,0x0882,0x0882,0x0882,0x0882,0x0882,0x0882,
  0x0882,0x0882,0x0882,0x0882,0x0882,0x0882,0x0882,0x0882,0x0882,0x0882,0x0882,0x0882,0x0882,0x0882,0x0882,0x0882,
  0x0882,0x0882,0x0882,0x0882,0x0882,0x0882,0x0882,0x0882,0x0882,0x0882,0x8B07,0xB3E9,0x9347,0x8B07,0x8B07,0x6225,
  0x6225,0x6225,0x8B07,0x8B07,0xABA8,0xB3E9,0xB3E9,0xB3E9,0xB3E9,0xB3E9,0xB3E9,0xB3E9,0xB3E9,0xB3E9,0xB3E9,0xB3E9,
  0xB3E9,0xB3E9,0xB3E9,0x0882,0x0882,0x0882,0x0882,0x0882,0x0882,0x0882,0x0882,0x0882,0x0882,0x0882,0x0882,0x0882,
  0x0882,0x0882,0x0882,0x0882,0x0882,0x0882,0x0882,0x0882,0x0882,0x0882,0x0882,0x0882,0x0882,0x0882,0x0882,0x0882,
  0x0882,0x0882,0x0882,0x0882,0x0882,0x18C2,0x18C2,0x0882,0x0882,0x0882,0x0882,0x0882,0x0882,0x0882,0x0882,0x0882,
  0x49C5,0xB3E9,0xB3E9,0xB3E9,0xB3E9,0xB3E9,0xB3E9,0xB3E9,0xB3E9,0xB3E9,0xB3E9,0xB3E9,0xB3E9,0x9347,0x0882,0x0882,
  0x0882,0x0882,0x0882,0x0882,0x0882,0x0882,0x0882,0x0882,0x0882,0x0882,0x0882,0x0882,0x0882,0x0882,0x0882,0x0882,
  0x0882,0x0882,0x0882,0x0882,0x0882,0x0882,0x0882,0x0882,0x0882,0x0882,0x0882,0x0882,0x0882,0x0882,0x0882,0x0882,
  0x0882,0x0882,0x0882,0x0882,0x0882,0x0882,0x0882,0x0882,0x0882,0x0882,0x18C2,0x6A66,0xB3E9,0xB3E9,0xB3E9,0xB3E9,
  0xB3E9,0xB3E9,0xB3E9,0xB3E9,0xB3E9,0xB3E9,0xB3E9,0xB3E9,0x82C7,0x0882,0x0882,0x0882,0x0882,0x0882,0x0882,0x0882,
  0x0882,0x0882,0x0882,0x0882,0x0882,0x0882,0x0882,0x0882,0x0882,0x0882,0x0882,0x0882,0x0882,0x0882,0x0882,0x0882,
  0x0882,0x0882,0x0882,0x0882,0x0882,0x0882,0x0882,0x0882,0x0882,0x0882,0x0882,0x0882,0x0882,0x0882,0x0882,0x0882,
  0x0882,0x20E3,0x3964,0x5205,0x72A6,0xB3E9,0xB3E9,0xB3E9,0xB3E9,0xB3E9,0xB3E9,0xB3E9,0xB3E9,0xB3E9,0xB3E9,0xB3E9,
  0xB3E9,0xB3E9,0xB3E9,0x9347,0x3964,0x0882,0x0882,0x0882,0x0882,0x0882,0x0882,0x0882,0x0882,0x0882,0x0882,0x0882,
  0x0882,0x0882,0x0882,0x0882,0x0882,0x0882,0x0882,0x0882,0x0882,0x0882,0x0882,0x0882,0x0882,0x0882,0x0882,0x0882,
  0x0882,0x0882,0x0882,0x0882,0x0882,0x0882,0x0882,0x0882,0x0882,0xABA8,0xB3E9,0xB3E9,0xB3E9,0xB3E9,0xB3E9,0xB3E9,
  0xB3E9,0xB3E9,0xB3E9,0xB3E9,0xB3E9,0xB3E9,0xB3E9,0xB3E9,0xB3E9,0xB3E9,0xB3E9,0xB3E9,0xB3E9,0xB3E9,0xB3E9,0xB3E9,
  0x6A66,0x0882,0x0882,0x0882,0x0882,0x0882,0x0882,0x0882,0x0882,0x0882,0x0882,0x0882,0x0882,0x0882,0x0882,0x0882,
  0x0882,0x0882,0x0882,0x0882,0x0882,0x0882,0x0882,0x0882,0x0882,0x0882,0x0882,0x0882,0x0882,0x0882,0x0882,0x0882,
  0x0882,0x0882,0x0882,0x0882,0x49C5,0xB3E9,0xB3E9,0xB3E9,0xB3E9,0xB3E9,0xB3E9,0xB3E9,0xB3E9,0xB3E9,0xB3E9,0xB3E9,
  0xB3E9,0xB3E9,0xB3E9,0xB3E9,0xB3E9,0xB3E9,0xB3E9,0xB3E9,0xB3E9,0xB3E9,0xB3E9,0xB3E9,0x49C5,0x0882,0x0882,0x0882,
  0x0882,0x0882,0x0882,0x0882,0x0882,0x0882,0x0882,0x0882,0x0882,0x0882,0x0882,0x0882,0x0882,0x0882,0x0882,0x0882,
  0x0882,0x0882,0x0882,0x0882,0x0882,0x0882,0x0882,0x0882,0x0882,0x0882,0x0882,0x0882,0x0882,0x0882,0x0882,0x0882,
  0x4184,0xABA8,0xB3E9,0xB3E9,0xB3E9,0xB3E9,0xB3E9,0xB3E9,0xB3E9,0xB3E9,0xB3E9,0xB3E9,0xB3E9,0xB3E9,0xB3E9,0xB3E9,
  0xB3E9,0xB3E9,0xB3E9,0xB3E9,0xB3E9,0xB3E9,0xB3E9,0xB3E9,0x4184,0x0882,0x0882,0x0882,0x0882,0x0882,0x0882,0x0882,
  0x0882,0x0882,0x0882,0x0882,0x0882,0x0882,0x0882,0x0882,0x0882,0x0882,0x0882,0x0882,0x0882,0x0882,0x0882,0x0882,
  0x0882,0x0882,0x0882,0x0882,0x0882,0x0882,0x0882,0x0882,0x0882,0x0882,0x0882,0x0882,0x18C2,0x6225,0xABA8,0xB3E9,
  0xB3E9,0xB3E9,0xB3E9,0xB3E9,0xB3E9,0xB3E9,0xB3E9,0xB3E9,0xB3E9,0xB3E9,0xB3E9,0xB3E9,0xB3E9,0xB3E9,0xB3E9,0xB3E9,
  0xB3E9,0xB3E9,0xB3E9,0xABA8,0x18C2,0x0882,0x0882,0x0882,0x0882,0x0882,0x0882,0x0882,0x0882,0x0882,0x0882,0x0882,
  0x0882,0x0882,0x0882,0x0882,0x0882,0x0882,0x0882,0x0882,0x0882,0x0882,0x0882,0x0882,0x0882,0x0882,0x0882,0x0882,
  0x0882,0x0882,0x0882,0x0882,0x0882,0x0882,0x0882,0x0882,0x0882,0x18C2,0x4184,0x9347,0xB3E9,0xB3E9,0xB3E9,0xB3E9,
  0xB3E9,0xB3E9,0xB3E9,0xB3E9,0xB3E9,0xB3E9,0xB3E9,0xB3E9,0xB3E9,0xB3E9,0xB3E9,0xB3E9,0xB3E9,0xB3E9,0xB3E9,0x5205,
  0x0882,0x0882,0x0882,0x0882,0x0882,0x0882,0x0882,0x0882,0x0882,0x0882,0x0882,0x0882,0x0882,0x0882,0x0882,0x0882,
  0x0882,0x0882,0x0882,0x0882,0x0882,0x0882,0x0882,0x0882,0x0882,0x0882,0x0882,0x0882,0x0882,0x0882,0x0882,0x0882,
  0x0882,0x0882,0x0882,0x0882,0x0882,0x20E3,0xABA8,0xB3E9,0xB3E9,0xB3E9,0xB3E9,0xB3E9,0xB3E9,0xB3E9,0xB3E9,0xB3E9,
  0xB3E9,0xB3E9,0xB3E9,0xB3E9,0xB3E9,0xB3E9,0xB3E9,0xB3E9,0xB3E9,0xB3E9,0xA368,0x0882,0x0882,0x0882,0x0882,0x0882,
  0x0882,0x0882,0x0882,0x0882,0x0882,0x0882,0x0882,0x0882,0x0882,0x0882,0x0882,0x0882,0x0882,0x0882,0x0882,0x0882,
  0x0882,0x0882,0x0882,0x0882,0x0882,0x0882,0x0882,0x0882,0x0882,0x0882,0x0882,0x0882,0x0882,0x0882,0x0882,0x0882,
  0x72A6,0xB3E9,0xB3E9,0xB3E9,0xB3E9,0xB3E9,0xB3E9,0xB3E9,0xB3E9,0xB3E9,0xB3E9,0xB3E9,0xB3E9,0xB3E9,0xB3E9,0xB3E9,
  0xB3E9,0xB3E9,0xB3E9,0xB3E9,0xB3E9,0xB3E9,0x3964,0x0882,0x0882,0x0882,0x0882,0x0882,0x0882,0x0882,0x0882,0x0882,
  0x0882,0x0882,0x0882,0x0882,0x0882,0x0882,0x0882,0x0882,0x0882,0x0882,0x0882,0x0882,0x0882,0x0882,0x0882,0x0882,
  0x0882,0x0882,0x0882,0x0882,0x0882,0x0882,0x0882,0x0882,0x0882,0x0882,0x0882,0xA368,0xB3E9,0xB3E9,0xB3E9,0xB3E9,
  0xB3E9,0xB3E9,0xB3E9,0xB3E9,0xB3E9,0xB3E9,0xB3E9,0xB3E9,0xB3E9,0xB3E9,0xB3E9,0xB3E9,0xB3E9,0xB3E9,0xB3E9,0xB3E9,
  0xB3E9,0x72A6,0x0882,0x0882,0x0882,0x0882,0x0882,0x0882,0x0882,0x0882,0x0882,0x0882,0x0882,0x0882,0x0882,0x0882,
  0x0882,0x0882,0x0882,0x0882,0x0882,0x0882,0x0882,0x0882,0x0882,0x0882,0x0882,0x0882,0x0882,0x0882,0x0882,0x0882,
  0x0882,0x0882,0x0882,0x0882,0x0882,0x18C2,0xB3E9,0xB3E9,0xB3E9,0xB3E9,0xB3E9,0xB3E9,0xB3E9,0xB3E9,0xB3E9,0xB3E9,
  0xB3E9,0xB3E9,0xB3E9,0xB3E9,0xB3E9,0xB3E9,0xB3E9,0xB3E9,0xB3E9,0xB3E9,0xB3E9,0xB3E9,0x8B07,0x0882,0x0882,0x0882,
  0x0882,0x0882,0x0882,0x0882,0x0882,0x0882,0x0882,0x0882,0x0882,0x0882,0x0882,0x0882,0x0882,0x0882,0x0882,0x0882,
  0x0882,0x0882,0x0882,0x0882,0x0882,0x0882,0x0882,0x0882,0x0882,0x0882,0x0882,0x0882,0x0882,0x0882,0x0882,0x0882,
  0x3964,0xB3E9,0xB3E9,0xB3E9,0xB3E9,0xB3E9,0xB3E9,0xB3E9,0xB3E9,0xB3E9,0xB3E9,0xB3E9,0xB3E9,0xB3E9,0xB3E9,0xB3E9,
  0xB3E9,0xB3E9,0xB3E9,0xB3E9,0xB3E9,0xB3E9,0xB3E9,0x8B07,0x0882,0x0882,0x0882,0x0882,0x0882,0x0882,0x0882,0x0882,
  0x0882,0x0882,0x0882,0x0882,0x0882,0x0882,0x0882,0x0882,0x0882,0x0882,0x0882,0x0882,0x0882,0x0882,0x0882,0x0882,
  0x0882,0x0882,0x0882,0x0882,0x0882,0x0882,0x0882,0x0882,0x0882,0x0882,0x18C2,0x8B07,0xB3E9,0xB3E9,0xB3E9,0xB3E9,
  0xB3E9,0xB3E9,0xB3E9,0xB3E9,0xB3E9,0xB3E9,0xB3E9,0xB3E9,0xB3E9,0xB3E9,0xB3E9,0xB3E9,0xB3E9,0xB3E9,0xB3E9,0xB3E9,
  0xB3E9,0xB3E9,0xABA8,0x0882,0x0882,0x0882,0x0882,0x0882,0x0882,0x0882,0x0882,0x0882,0x0882,0x0882,0x0882,0x0882,
  0x0882,0x0882,0x0882,0x0882,0x0882,0x0882,0x0882,0x0882,0x0882,0x0882,0x0882,0x0882,0x0882,0x0882,0x0882,0x0882,
  0x0882,0x0882,0x0882,0x0882,0x18C2,0x9347,0xB3E9,0xB3E9,0xB3E9,0xB3E9,0xB3E9,0xB3E9,0xB3E9,0xB3E9,0xB3E9,0xB3E9,
  0xB3E9,0xB3E9,0xB3E9,0xB3E9,0xB3E9,0xB3E9,0xB3E9,0xB3E9,0xB3E9,0xB3E9,0xB3E9,0xB3E9,0xB3E9,0xA368,0x0882,0x0882,
  0x0882,0x0882,0x0882,0x0882,0x0882,0x0882,0x0882,0x0882,0x0882,0x0882,0x0882,0x0882,0x0882,0x0882,0x0882,0x0882,
  0x0882,0x0882,0x0882,0x0882,0x0882,0x0882,0x0882,0x0882,0x0882,0x0882,0x0882,0x0882,0x0882,0x0882,0x20E3,0x9347,
  0xB3E9,0xB3E9,0xB3E9,0xB3E9,0xB3E9,0xB3E9,0xB3E9,0xB3E9,0xB3E9,0xB3E9,0xB3E9,0xB3E9,0xB3E9,0xB3E9,0xB3E9,0xB3E9,
  0xB3E9,0xB3E9,0xB3E9,0xB3E9,0xB3E9,0xB3E9,0xB3E9,0xB3E9,0xB3E9,0x82C7,0x18C2,0x0882,0x0882,0x0882,0x0882,0x0882,
  0x0882,0x0882,0x0882,0x0882,0x0882,0x0882,0x0882,0x0882,0x0882,0x0882,0x0882,0x0882,0x0882,0x0882,0x0882,0x0882,
  0x0882,0x0882,0x0882,0x0882,0x0882,0x0882,0x0882,0x0882,0x0882,0x8B07,0xB3E9,0xB3E9,0xB3E9,0xB3E9,0xB3E9,0xB3E9,
  0xB3E9,0xB3E9,0xB3E9,0xB3E9,0xB3E9,0xB3E9,0xB3E9,0xB3E9,0xB3E9,0xB3E9,0xB3E9,0xB3E9,0xB3E9,0xB3E9,0xB3E9,0xB3E9,
  0xB3E9,0xB3E9,0xB3E9,0xB3E9,0xB3E9,0x8B07,0x0882,0x0882,0x0882,0x0882,0x0882,0x0882,0x0882,0x0882,0x0882,0x0882,
  0x0882,0x0882,0x0882,0x0882,0x0882,0x0882,0x0882,0x0882,0x0882,0x0882,0x0882,0x0882,0x0882,0x0882,0x0882,0x0882,
  0x0882,0x0882,0x0882,0x5205,0xB3E9,0xB3E9,0xB3E9,0xB3E9,0xB3E9,0xB3E9,0xB3E9,0xB3E9,0xB3E9,0xB3E9,0xB3E9,0xB3E9,
  0xB3E9,0xB3E9,0xB3E9,0xB3E9,0xB3E9,0xB3E9,0xB3E9,0xB3E9,0xB3E9,0xB3E9,0xB3E9,0xB3E9,0xB3E9,0xB3E9,0xB3E9,0xB3E9,
  0xB3E9,0x72A6,0x0882,0x0882,0x0882,0x0882,0x0882,0x0882,0x0882,0x0882,0x0882,0x0882,0x0882,0x0882,0x0882,0x0882,
  0x0882,0x0882,0x0882,0x0882,0x0882,0x0882,0x0882,0x0882,0x0882,0x0882,0x0882,0x0882,0x0882,0x0882,0x82C7,0xB3E9,
  0xB3E9,0xB3E9,0xB3E9,0xB3E9,0xB3E9,0xB3E9,0xB3E9,0xB3E9,0xB3E9,0xB3E9,0xB3E9,0xB3E9,0xB3E9,0xB3E9,0xB3E9,0xB3E9,
  0xB3E9,0xB3E9,0xB3E9,0xB3E9,0xB3E9,0xB3E9,0xB3E9,0xB3E9,0xB3E9,0xB3E9,0xB3E9,0xB3E9,0xB3E9,0x6225,0x0882,0x0882,
  0x0882,0x0882,0x0882,0x0882,0x0882,0x0882,0x0882,0x0882,0x0882,0x0882,0x0882,0x0882,0x0882,0x0882,0x0882,0x0882,
  0x0882,0x0882,0x0882,0x0882,0x0882,0x0882,0x0882,0x0882,0x0882,0x9347,0xB3E9,0xB3E9,0xB3E9,0xB3E9,0xB3E9,0xB3E9,
  0xB3E9,0xB3E9,0xB3E9,0xB3E9,0xB3E9,0xB3E9,0xB3E9,0xB3E9,0xB3E9,0xB3E9,0xB3E9,0xB3E9,0xB3E9,0xB3E9,0xB3E9,0xB3E9,
  0xB3E9,0xB3E9,0xB3E9,0xB3E9,0xB3E9,0xB3E9,0xB3E9,0xB3E9,0xABA8,0x18C2,0x0882,0x0882,0x0882,0x0882,0x0882,0x0882,
  0x0882,0x0882,0x0882,0x0882,0x0882,0x0882,0x0882,0x0882,0x0882,0x0882,0x0882,0x0882,0x0882,0x0882,0x0882,0x0882,
  0x0882,0x0882,0x0882,0x0882,0x2923,0x82C7,0x8B07,0x82C7,0x3964,0x72A6,0xB3E9,0xB3E9,0xB3E9,0xB3E9,0xB3E9,0xB3E9,
  0xB3E9,0xB3E9,0xB3E9,0xB3E9,0xB3E9,0xB3E9,0xB3E9,0xB3E9,0xB3E9,0xB3E9,0xB3E9,0xB3E9,0xB3E9,0xB3E9,0xB3E9,0xB3E9,
  0xB3E9,0xB3E9,0xB3E9,0xB3E9,0x6225,0x0882,0x0882,0x0882,0x0882,0x0882,0x0882,0x0882,0x0882,0x0882,0x0882,0x0882,
  0x0882,0x0882,0x0882,0x0882,0x0882,0x0882,0x0882,0x0882,0x0882,0x0882,0x0882,0x0882,0x0882,0x0882,0x0882,0x0882,
  0x0882,0x0882,0x0882,0x0882,0x4184,0xB3E9,0xB3E9,0xB3E9,0xB3E9,0xB3E9,0xB3E9,0xB3E9,0xB3E9,0xB3E9,0xB3E9,0xB3E9,
  0xB3E9,0xB3E9,0xB3E9,0xB3E9,0xB3E9,0xB3E9,0xB3E9,0xB3E9,0xB3E9,0xB3E9,0xB3E9,0xB3E9,0xB3E9,0xB3E9,0xB3E9,0xABA8,
  0x18C2,0x0882,0x0882,0x0882,0x0882,0x0882,0x0882,0x0882,0x0882,0x0882,0x0882,0x0882,0x0882,0x0882,0x0882,0x0882,
  0x0882,0x0882,0x0882,0x0882,0x0882,0x0882,0x0882,0x0882,0x0882,0x0882,0x0882,0x0882,0x0882,0x0882,0x0882,0x8B07,
  0xB3E9,0xB3E9,0xB3E9,0xB3E9,0xB3E9,0xB3E9,0xB3E9,0xB3E9,0xB3E9,0xB3E9,0xB3E9,0xB3E9,0xB3E9,0xB3E9,0xB3E9,0xB3E9,
  0xB3E9,0xB3E9,0xB3E9,0xB3E9,0xB3E9,0xB3E9,0xB3E9,0xB3E9,0xB3E9,0xB3E9,0xB3E9,0x6225,0x0882,0x0882,0x0882,0x0882,
  0x0882,0x0882,0x0882,0x0882,0x0882,0x0882,0x0882,0x0882,0x0882,0x0882,0x0882,0x0882,0x0882,0x0882,0x0882,0x0882,
  0x0882,0x0882,0x0882,0x0882,0x0882,0x0882,0x0882,0x0882,0x0882,0x2923,0xB3E9,0xB3E9,0xB3E9,0xB3E9,0xB3E9,0xB3E9,
  0xB3E9,0xB3E9,0xB3E9,0xB3E9,0xB3E9,0xB3E9,0xB3E9,0xB3E9,0xB3E9,0xB3E9,0xB3E9,0xB3E9,0xB3E9,0xB3E9,0xB3E9,0xB3E9,
  0xB3E9,0xB3E9,0xB3E9,0xB3E9,0xB3E9,0xB3E9,0xABA8,0x0882,0x0882,0x0882,0x0882,0x0882,0x0882,0x0882,0x0882,0x0882,
  0x0882,0x0882,0x0882,0x0882,0x0882,0x0882,0x0882,0x0882,0x0882,0x0882,0x0882,0x0882,0x0882,0x0882,0x0882,0x0882,
  0x0882,0x0882,0x0882,0x0882,0x5205,0xB3E9,0xB3E9,0xB3E9,0xB3E9,0xB3E9,0xB3E9,0xB3E9,0xB3E9,0xB3E9,0xB3E9,0xB3E9,
  0xB3E9,0xB3E9,0xB3E9,0xB3E9,0xB3E9,0xB3E9,0xB3E9,0xB3E9,0xB3E9,0xB3E9,0xB3E9,0xB3E9,0xB3E9,0xB3E9,0xB3E9,0xB3E9,
  0xB3E9,0xB3E9,0x2923,0x0882,0x0882,0x0882,0x0882,0x0882,0x0882,0x0882,0x0882,0x0882,0x0882,0x0882,0x0882,0x0882,
  0x0882,0x0882,0x0882,0x0882,0x0882,0x0882,0x0882,0x0882,0x0882,0x0882,0x0882,0x0882,0x0882,0x0882,0x0882,0x72A6,
  0xB3E9,0xB3E9,0xB3E9,0xB3E9,0xB3E9,0xB3E9,0xB3E9,0xB3E9,0xB3E9,0xB3E9,0xB3E9,0xB3E9,0xB3E9,0xB3E9,0xB3E9,0xB3E9,
  0xB3E9,0xB3E9,0xB3E9,0xB3E9,0xB3E9,0xB3E9,0xB3E9,0xB3E9,0xB3E9,0xB3E9,0xB3E9,0xB3E9,0xB3E9,0x49C5,0x0882,0x0882,
  0x0882,0x0882,0x0882,0x0882,0x0882,0x0882,0x0882,0x0882,0x0882,0x0882,0x0882,0x0882,0x0882,0x0882,0x0882,0x0882,
  0x0882,0x0882,0x0882,0x0882,0x0882,0x0882,0x0882,0x0882,0x0882,0x0882,0x8B07,0xB3E9,0xB3E9,0xB3E9,0xB3E9,0xB3E9,
  0xB3E9,0xB3E9,0xB3E9,0xB3E9,0xB3E9,0xB3E9,0xB3E9,0xB3E9,0xB3E9,0xB3E9,0xB3E9,0xB3E9,0xB3E9,0xB3E9,0xB3E9,0xB3E9,
  0xB3E9,0xB3E9,0xB3E9,0xB3E9,0xB3E9,0xB3E9,0xB3E9,0xB3E9,0x6225,0x0882,0x0882,0x0882,0x0882,0x0882,0x0882,0x0882,
  0x0882,0x0882,0x0882,0x0882,0x0882,0x0882,0x0882,0x0882,0x0882,0x0882,0x0882,0x0882,0x0882,0x0882,0x0882,0x0882,
  0x0882,0x0882,0x0882,0x0882,0x0882,0xABA8,0xB3E9,0xB3E9,0xB3E9,0xB3E9,0xB3E9,0xB3E9,0xB3E9,0xB3E9,0xB3E9,0xB3E9,
  0xB3E9,0xB3E9,0xB3E9,0xB3E9,0xB3E9,0xB3E9,0xB3E9,0xB3E9,0xB3E9,0xB3E9,0xB3E9,0xB3E9,0xB3E9,0xB3E9,0xB3E9,0xB3E9,
  0xB3E9,0xB3E9,0xB3E9,0x82C7,0x0882,0x0882,0x0882,0x0882,0x0882,0x0882,0x0882,0x0882,0x0882,0x0882,0x0882,0x0882,
  0x0882,0x0882,0x0882,0x0882,0x0882,0x0882,0x0882,0x0882,0x0882,0x0882,0x0882,0x0882,0x0882,0x0882,0x0882,0x0882,
  0xB3E9,0xB3E9,0xB3E9,0xB3E9,0xB3E9,0xB3E9,0xB3E9,0xB3E9,0xB3E9,0xB3E9,0xB3E9,0xB3E9,0xB3E9,0xB3E9,0xB3E9,0xB3E9,
  0xB3E9,0xB3E9,0xB3E9,0xB3E9,0xB3E9,0xB3E9,0xB3E9,0xB3E9,0xB3E9,0xB3E9,0xB3E9,0xB3E9,0xB3E9,0xB3E9,0x8B07,0x0882,
  0x0882,0x0882,0x0882,0x0882,0x0882,0x0882,0x0882,0x0882,0x0882,0x0882,0x0882,0x0882,0x0882,0x0882,0x0882,0x0882,
  0x0882,0x0882,0x0882,0x0882,0x0882,0x0882,0x0882,0x0882,0x0882,0x0882,0x3964,0xB3E9,0xB3E9,0xB3E9,0xB3E9,0xB3E9,
  0xB3E9,0xB3E9,0xB3E9,0xB3E9,0xB3E9,0xB3E9,0xB3E9,0xB3E9,0xB3E9,0xB3E9,0xB3E9,0xB3E9,0xB3E9,0xB3E9,0xB3E9,0xB3E9,
  0xB3E9,0xB3E9,0xB3E9,0xB3E9,0xB3E9,0xB3E9,0xB3E9,0xB3E9,0xB3E9,0x8B07,0x0882,0x0882,0x0882,0x0882,0x0882,0x0882,
  0x0882,0x0882,0x0882,0x0882,0x0882,0x0882,0x0882,0x0882,0x0882,0x0882,0x0882,0x0882,0x0882,0x0882,0x0882,0x0882,
  0x0882,0x0882,0x0882,0x0882,0x0882,0x2923,0xB3E9,0xB3E9,0xB3E9,0xB3E9,0xB3E9,0xB3E9,0xB3E9,0xB3E9,0xB3E9,0xB3E9,
  0xB3E9,0xB3E9,0xB3E9,0xB3E9,0xB3E9,0xB3E9,0xB3E9,0xB3E9,0xB3E9,0xB3E9,0xB3E9,0xB3E9,0xB3E9,0xB3E9,0xB3E9,0xB3E9,
  0xB3E9,0xB3E9,0xB3E9,0xB3E9,0x8B07,0x0882,0x0882,0x0882,0x0882,0x0882,0x0882,0x0882,0x0882,0x0882,0x0882,0x0882,
  0x0882,0x0882,0x0882,0x0882,0x0882,0x0882,0x0882,0x0882,0x0882,0x0882,0x0882,0x0882,0x0882,0x0882,0x0882,0x0882,
  0x0882,0xB3E9,0xB3E9,0xB3E9,0xB3E9,0xB3E9,0xB3E9,0xB3E9,0xB3E9,0xB3E9,0xB3E9,0xB3E9,0xB3E9,0xB3E9,0xB3E9,0xB3E9,
  0xB3E9,0xB3E9,0xB3E9,0xB3E9,0xB3E9,0xB3E9,0xB3E9,0xB3E9,0xB3E9,0xB3E9,0xB3E9,0xB3E9,0xB3E9,0xB3E9,0xB3E9,0x8B07,
  0x0882,0x0882,0x0882,0x0882,0x0882,0x0882,0x0882,0x0882,0x0882,0x0882,0x0882,0x0882,0x0882,0x0882,0x0882,0x0882,
  0x0882,0x0882,0x0882,0x0882,0x0882,0x0882,0x0882,0x0882,0x0882,0x0882,0x0882,0x0882,0xA368,0xB3E9,0xB3E9,0xB3E9,
  0xB3E9,0xB3E9,0xB3E9,0xB3E9,0xB3E9,0xB3E9,0xB3E9,0xB3E9,0xB3E9,0xB3E9,0xB3E9,0xB3E9,0xB3E9,0xB3E9,0xB3E9,0xB3E9,
  0xB3E9,0xB3E9,0xB3E9,0xB3E9,0xB3E9,0xB3E9,0xB3E9,0xB3E9,0xB3E9,0xB3E9,0x72A6,0x0882,0x0882,0x0882,0x0882,0x0882,
  0x0882,0x0882,0x0882,0x0882,0x0882,0x0882,0x0882,0x0882,0x0882,0x0882,0x0882,0x0882,0x0882,0x0882,0x0882,0x0882,
  0x0882,0x0882,0x0882,0x0882,0x0882,0x0882,0x0882,0x8B07,0xB3E9,0xB3E9,0xB3E9,0xB3E9,0xB3E9,0xB3E9,0xB3E9,0xB3E9,
  0xB3E9,0xB3E9,0xB3E9,0xB3E9,0xB3E9,0xB3E9,0xB3E9,0xB3E9,0xB3E9,0xB3E9,0xB3E9,0xB3E9,0xB3E9,0xB3E9,0xB3E9,0xB3E9,
  0xB3E9,0xB3E9,0xB3E9,0xB3E9,0xB3E9,0x6225,0x0882,0x0882,0x0882,0x0882,0x0882,0x0882,0x0882,0x0882,0x0882,0x0882,
  0x0882,0x0882,0x0882,0x0882,0x0882,0x0882,0x0882,0x0882,0x0882,0x0882,0x0882,0x0882,0x0882,0x0882,0x0882,0x0882,
  0x0882,0x0882,0x6A66,0xB3E9,0xB3E9,0xB3E9,0xB3E9,0xB3E9,0xB3E9,0xB3E9,0xB3E9,0xB3E9,0xB3E9,0xB3E9,0xB3E9,0xB3E9,
  0xB3E9,0xB3E9,0xB3E9,0xB3E9,0xB3E9,0xB3E9,0xB3E9,0xB3E9,0xB3E9,0xB3E9,0xB3E9,0xB3E9,0xB3E9,0xB3E9,0xB3E9,0xB3E9,
  0x4184,0x0882,0x0882,0x0882,0x0882,0x0882,0x0882,0x0882,0x0882,0x0882,0x0882,0x0882,0x0882,0x0882,0x0882,0x0882,
  0x0882,0x0882,0x0882,0x0882,0x0882,0x0882,0x0882,0x0882,0x0882,0x0882,0x0882,0x0882,0x0882,0x49C5,0xB3E9,0xB3E9,
  0xB3E9,0xB3E9,0xB3E9,0xB3E9,0xB3E9,0xB3E9,0xB3E9,0xB3E9,0xB3E9,0xB3E9,0xB3E9,0xB3E9,0xB3E9,0xB3E9,0xB3E9,0xB3E9,
  0xB3E9,0xB3E9,0xB3E9,0xB3E9,0xB3E9,0xB3E9,0xB3E9,0xB3E9,0xB3E9,0xB3E9,0xB3E9,0x20E3,0x0882,0x0882,0x0882,0x0882,
  0x0882,0x0882,0x0882,0x0882,0x0882,0x0882,0x0882,0x0882,0x0882,0x0882,0x0882,0x0882,0x0882,0x0882,0x0882,0x0882,
  0x0882,0x0882,0x0882,0x0882,0x0882,0x0882,0x0882,0x0882,0x18C2,0xB3E9,0xB3E9,0xB3E9,0xB3E9,0xB3E9,0xB3E9,0xB3E9,
  0xB3E9,0xB3E9,0xB3E9,0xB3E9,0xB3E9,0xB3E9,0xB3E9,0xB3E9,0xB3E9,0xB3E9,0xB3E9,0xB3E9,0xB3E9,0xB3E9,0xB3E9,0xB3E9,
  0xB3E9,0xB3E9,0xB3E9,0xB3E9,0xB3E9,0x8B07,0x0882,0x0882,0x0882,0x0882,0x0882,0x0882,0x0882,0x0882,0x0882,0x0882,
  0x0882,0x0882,0x0882,0x0882,0x0882,0x0882,0x0882,0x0882,0x0882,0x0882,0x0882,0x0882,0x0882,0x0882,0x0882,0x0882,
  0x0882,0x0882,0x0882,0x0882,0x72A6,0xB3E9,0xB3E9,0xB3E9,0xB3E9,0xB3E9,0xB3E9,0xB3E9,0xB3E9,0xB3E9,0xB3E9,0xB3E9,
  0xB3E9,0xB3E9,0xB3E9,0xB3E9,0xB3E9,0xB3E9,0xB3E9,0xB3E9,0xB3E9,0xB3E9,0xB3E9,0xB3E9,0xB3E9,0xB3E9,0xB3E9,0xB3E9,
  0x6225,0x0882,0x0882,0x0882,0x0882,0x0882,0x0882,0x0882,0x0882,0x0882,0x0882,0x0882,0x0882,0x0882,0x0882,0x0882,
  0x0882,0x0882,0x0882,0x0882,0x0882,0x0882,0x0882,0x0882,0x0882,0x0882,0x0882,0x0882,0x0882,0x0882,0x0882,0x20E3,
  0xB3E9,0xB3E9,0xB3E9,0xB3E9,0xB3E9,0xB3E9,0xB3E9,0xB3E9,0xB3E9,0xB3E9,0xB3E9,0xB3E9,0xB3E9,0xB3E9,0xB3E9,0xB3E9,
  0xB3E9,0xB3E9,0xB3E9,0xB3E9,0xB3E9,0xB3E9,0xB3E9,0xB3E9,0xB3E9,0xB3E9,0xB3E9,0xB3E9,0x9347,0x18C2,0x0882,0x0882,
  0x0882,0x0882,0x0882,0x0882,0x3964,0x3964,0x3964,0x3964,0x3964,0x18C2,0x0882,0x0882,0x0882,0x0882,0x0882,0x0882,
  0x0882,0x0882,0x0882,0x0882,0x0882,0x0882,0x0882,0x0882,0x0882,0x0882,0x0882,0x72A6,0xB3E9,0xB3E9,0xB3E9,0xB3E9,
  0xB3E9,0xB3E9,0xB3E9,0xB3E9,0xB3E9,0xB3E9,0xB3E9,0xB3E9,0xB3E9,0xB3E9,0xB3E9,0xB3E9,0xB3E9,0xB3E9,0xB3E9,0xB3E9,
  0xB3E9,0xB3E9,0xB3E9,0xB3E9,0xB3E9,0xB3E9,0xB3E9,0xB3E9,0x6A66,0x18C2,0x3964,0x6225,0x82C7,0x9347,0xB3E9,0xB3E9,
  0xB3E9,0xB3E9,0xB3E9,0xB3E9,0xB3E9,0x9347,0x6A66,0x4184,0x0882,0x0882,0x0882,0x0882,0x0882,0x0882,0x0882,0x0882,
  0x0882,0x0882,0x0882,0x0882,0x0882,0x0882,0x20E3,0xB3E9,0xB3E9,0xB3E9,0xB3E9,0xB3E9,0xB3E9,0xB3E9,0xB3E9,0xB3E9,
  0xB3E9,0xB3E9,0xB3E9,0xB3E9,0xB3E9,0xB3E9,0xB3E9,0xB3E9,0xB3E9,0xB3E9,0xB3E9,0xB3E9,0xB3E9,0xB3E9,0xB3E9,0xB3E9,
  0xB3E9,0xB3E9,0xB3E9,0xB3E9,0xB3E9,0xB3E9,0xB3E9,0xB3E9,0xB3E9,0xB3E9,0xB3E9,0xB3E9,0xB3E9,0xB3E9,0xB3E9,0xB3E9,
  0xB3E9,0xB3E9,0xB3E9,0xABA8,0x3964,0x0882,0x0882,0x0882,0x0882,0x0882,0x0882,0x0882,0x0882,0x0882,0x0882,0x0882,
  0x0882,0x0882,0x6225,0xB3E9,0xB3E9,0xB3E9,0xB3E9,0xB3E9,0xB3E9,0xB3E9,0xB3E9,0xB3E9,0xB3E9,0xB3E9,0xB3E9,0xB3E9,
  0xB3E9,0xB3E9,0xB3E9,0xB3E9,0xB3E9,0xB3E9,0xB3E9,0xB3E9,0xB3E9,0xB3E9,0xB3E9,0xB3E9,0xB3E9,0xB3E9,0xB3E9,0xB3E9,
  0xB3E9,0xB3E9,0xB3E9,0xB3E9,0xB3E9,0xB3E9,0xB3E9,0xB3E9,0xB3E9,0xB3E9,0xB3E9,0xB3E9,0xB3E9,0xB3E9,0xB3E9,0xABA8,
  0x18C2,0x0882,0x0882,0x0882,0x0882,0x0882,0x0882,0x0882,0x0882,0x0882,0x0882,0x0882,0x0882,0x0882,0x9347,0xB3E9,
  0xB3E9,0xB3E9,0xB3E9,0xB3E9,0xB3E9,0xB3E9,0xB3E9,0xB3E9,0xB3E9,0xB3E9,0xB3E9,0xB3E9,0xB3E9,0xB3E9,0xB3E9,0xB3E9,
  0xB3E9,0xB3E9,0xB3E9,0xB3E9,0xB3E9,0xB3E9,0xB3E9,0xB3E9,0xB3E9,0xB3E9,0xB3E9,0xB3E9,0xB3E9,0xB3E9,0xB3E9,0xB3E9,
  0xB3E9,0xB3E9,0xB3E9,0xB3E9,0xB3E9,0xB3E9,0xB3E9,0xB3E9,0xB3E9,0xB3E9,0xB3E9,0x2923,0x0882,0x0882,0x0882,0x0882,
  0x0882,0x0882,0x0882,0x0882,0x0882,0x0882,0x0882,0x0882,0x0882,0x0882,0x72A6,0xB3E9,0xB3E9,0xB3E9,0xB3E9,0xB3E9,
  0xB3E9,0xB3E9,0xB3E9,0xB3E9,0xB3E9,0xB3E9,0xB3E9,0xB3E9,0xB3E9,0xB3E9,0xB3E9,0xB3E9,0xB3E9,0xB3E9,0xB3E9,0xB3E9,
  0xB3E9,0xB3E9,0xB3E9,0xB3E9,0xB3E9,0xB3E9,0xB3E9,0xB3E9,0xB3E9,0xB3E9,0xB3E9,0xB3E9,0xB3E9,0xB3E9,0xB3E9,0xB3E9,
  0xB3E9,0xB3E9,0xB3E9,0xB3E9,0xB3E9,0xABA8,0x0882,0x0882,0x0882,0x0882,0x0882,0x0882,0x0882,0x0882,0x0882,0x0882,
  0x0882,0x0882,0x0882,0x0882,0x0882,0x18C2,0x9347,0xB3E9,0xB3E9,0xB3E9,0xB3E9,0xB3E9,0xB3E9,0xB3E9,0xB3E9,0xB3E9,
  0xB3E9,0xB3E9,0xB3E9,0xB3E9,0xB3E9,0xB3E9,0xB3E9,0xB3E9,0xB3E9,0xB3E9,0xB3E9,0xB3E9,0xB3E9,0xB3E9,0xB3E9,0xB3E9,
  0xB3E9,0xB3E9,0xB3E9,0xB3E9,0xB3E9,0xB3E9,0xB3E9,0xB3E9,0xB3E9,0xB3E9,0xB3E9,0xB3E9,0xB3E9,0xB3E9,0xB3E9,0xB3E9,
  0x3964,0x0882,0x0882,0x0882,0x0882,0x0882,0x0882,0x0882,0x0882,0x0882,0x0882,0x20E3,0x6225,0x8B07,0xABA8,0xB3E9,
  0xB3E9,0xB3E9,0xB3E9,0xB3E9,0xB3E9,0xB3E9,0xB3E9,0xB3E9,0xB3E9,0xB3E9,0xB3E9,0xB3E9,0xB3E9,0xB3E9,0xB3E9,0xB3E9,
  0xB3E9,0xB3E9,0xB3E9,0xB3E9,0xB3E9,0xB3E9,0xB3E9,0xB3E9,0xB3E9,0xB3E9,0xB3E9,0xB3E9,0xB3E9,0xB3E9,0xB3E9,0xB3E9,
  0xB3E9,0xB3E9,0xB3E9,0xB3E9,0xB3E9,0xB3E9,0xB3E9,0xB3E9,0xB3E9,0xB3E9,0x49C5,0x0882,0x0882,0x0882,0x0882,0x0882,
  0x0882,0x0882,0x0882,0x0882,0x18C2,0x82C7,0xB3E9,0xB3E9,0xB3E9,0xB3E9,0xB3E9,0xB3E9,0xB3E9,0xB3E9,0xB3E9,0xB3E9,
  0xB3E9,0xB3E9,0xB3E9,0xB3E9,0xB3E9,0xB3E9,0xB3E9,0xB3E9,0xB3E9,0xB3E9,0x9347,0x9347,0xB3E9,0xB3E9,0xB3E9,0xB3E9,
  0xB3E9,0xB3E9,0xB3E9,0xB3E9,0xB3E9,0xB3E9,0xB3E9,0xB3E9,0xB3E9,0xB3E9,0xB3E9,0xB3E9,0xB3E9,0xB3E9,0xB3E9,0xB3E9,
  0xB3E9,0xB3E9,0xB3E9,0xA368,0x3964,0x0882,0x0882,0x0882,0x0882,0x0882,0x0882,0x0882,0x0882,0x0882,0x0882,0x5205,
  0xB3E9,0xB3E9,0xB3E9,0xB3E9,0xB3E9,0xB3E9,0xB3E9,0xB3E9,0xB3E9,0xB3E9,0xB3E9,0xB3E9,0xB3E9,0xB3E9,0xB3E9,0xB3E9,
  0xB3E9,0xA368,0x6225,0x49C5,0x3964,0x0882,0x8B07,0xB3E9,0xB3E9,0xB3E9,0xB3E9,0xB3E9,0xB3E9,0xB3E9,0xB3E9,0xB3E9,
  0xB3E9,0xB3E9,0xB3E9,0xB3E9,0xB3E9,0xB3E9,0xB3E9,0xB3E9,0xB3E9,0xB3E9,0xB3E9,0xB3E9,0x9347,0x49C5,0x0882,0x0882,
  0x0882,0x0882,0x0882,0x0882,0x0882,0x0882,0x0882,0x0882,0x0882,0x0882,0x0882,0x6A66,0xB3E9,0xB3E9,0xB3E9,0xB3E9,
  0xB3E9,0xB3E9,0xB3E9,0xB3E9,0xB3E9,0xB3E9,0xB3E9,0xB3E9,0xB3E9,0xB3E9,0xB3E9,0x8B07,0x18C2,0x0882,0x0882,0x0882,
  0x0882,0x49C5,0xB3E9,0xB3E9,0xB3E9,0xB3E9,0xB3E9,0xB3E9,0xB3E9,0xB3E9,0xB3E9,0xB3E9,0xB3E9,0xB3E9,0xB3E9,0xB3E9,
  0xB3E9,0xB3E9,0xB3E9,0xB3E9,0xB3E9,0x82C7,0x3964,0x0882,0x0882,0x0882,0x0882,0x0882,0x0882,0x0882,0x0882,0x0882,
  0x0882,0x0882,0x0882,0x0882,0x0882,0x0882,0x0882,0x20E3,0x5205,0x72A6,0x8B07,0xB3E9,0xB3E9,0xB3E9,0xB3E9,0xB3E9,
  0xB3E9,0xB3E9,0x9347,0x82C7,0x6225,0x3964,0x0882,0x0882,0x0882,0x0882,0x0882,0x0882,0x0882,0x6225,0xABA8,0xB3E9,
  0xB3E9,0xB3E9,0xB3E9,0xB3E9,0xB3E9,0xB3E9,0xB3E9,0xB3E9,0xB3E9,0xB3E9,0xB3E9,0xB3E9,0xABA8,0x8B07,0x6225,0x20E3,
  0x0882,0x0882,0x0882,0x0882,0x0882,0x0882,0x0882,0x0882,0x0882,0x0882,0x0882,0x0882,0x0882,0x0882,0x0882,0x0882,
  0x0882,0x0882,0x0882,0x0882,0x0882,0x0882,0x0882,0x0882,0x18C2,0x3964,0x2923,0x0882,0x0882,0x0882,0x0882,0x0882,
  0x0882,0x0882,0x0882,0x0882,0x0882,0x0882,0x0882,0x0882,0x0882,0x20E3,0x5205,0x82C7,0xABA8,0xB3E9,0xB3E9,0xB3E9,
  0xB3E9,0xB3E9,0xA368,0x8B07,0x8B07,0x6225,0x20E3,0x0882,0x0882,0x0882,0x0882,0x0882,0x0882,0x0882,0x0882,0x0882,
  0x0882,0x0882,0x0882,0x0882,0x0882,0x0882,0x0882,0x0882,0x0882,0x0882,0x0882,0x0882,0x0882,0x0882,0x0882,0x0882,
  0x0882,0x0882,0x0882,0x0882,0x0882,0x0882,0x0882,0x0882,0x0882,0x0882,0x0882,0x0882,0x0882,0x0882,0x0882,0x0882,
  0x0882,0x0882,0x0882,0x0882,0x0882,0x0882,0x0882,0x0882,0x0882,0x0882,0x18C2,0x0882,0x0882,0x0882,0x0882,0x0882,
  0x0882,0x0882,0x0882,0x0882,0x0882,0x0882,0x0882,0x0882,0x0882,0x0882,0x0882,0x0882,0x0882,0x0882,0x0882,0x0882,
};

#define BOBR_BIG_W 111
#define BOBR_BIG_H 122
const uint16_t bobr_big[] PROGMEM = {
  0x0882,0x0882,0x0882,0x0882,0x0882,0x0882,0x0882,0x0882,0x0882,0x0882,0x0882,0x0882,0x0882,0x0882,0x0882,0x0882,
  0x0882,0x0882,0x0882,0x0882,0x0882,0x0882,0x0882,0x0882,0x0882,0x0882,0x0882,0x0882,0x0882,0x0882,0x0882,0x0882,
  0x0882,0x0882,0x0882,0x0882,0x0882,0x0882,0x0882,0x0882,0x0882,0x0882,0x0882,0x0882,0x0882,0x0882,0x0882,0x0882,
  0x0882,0x0882,0x0882,0x0882,0x0882,0x0882,0x0882,0x0882,0x0882,0x0882,0x0882,0x0882,0x0882,0x0882,0x0882,0x0882,
  0x0882,0x0882,0x0882,0x0882,0x0882,0x0882,0x0882,0x0882,0x0882,0x0882,0x0882,0x0882,0x0882,0x0882,0x0882,0x0882,
  0x0882,0x0882,0x0882,0x0882,0x0882,0x0882,0x0882,0x0882,0x0882,0x0882,0x0882,0x0882,0x0882,0x0882,0x0882,0x0882,
  0x0882,0x0882,0x0882,0x0882,0x0882,0x0882,0x0882,0x0882,0x0882,0x0882,0x0882,0x0882,0x0882,0x0882,0x0882,0x0882,
  0x0882,0x0882,0x0882,0x0882,0x0882,0x0882,0x0882,0x0882,0x0882,0x0882,0x0882,0x0882,0x0882,0x0882,0x0882,0x0882,
  0x0882,0x0882,0x0882,0x0882,0x0882,0x0882,0x0882,0x0882,0x0882,0x0882,0x0882,0x0882,0x0882,0x0882,0x0882,0x0882,
  0x0882,0x0882,0x0882,0x0882,0x0882,0x0882,0x0882,0x0882,0x3964,0x8B07,0xB3E9,0xB3E9,0xB3E9,0x6A66,0x18C2,0x0882,
  0x0882,0x0882,0x0882,0x0882,0x0882,0x0882,0x0882,0x0882,0x0882,0x0882,0x0882,0x0882,0x0882,0x0882,0x0882,0x0882,
  0x0882,0x0882,0x0882,0x0882,0x0882,0x0882,0x0882,0x0882,0x0882,0x0882,0x0882,0x0882,0x0882,0x0882,0x0882,0x0882,
  0x0882,0x0882,0x0882,0x0882,0x0882,0x0882,0x0882,0x0882,0x0882,0x0882,0x0882,0x0882,0x0882,0x0882,0x0882,0x0882,
  0x0882,0x0882,0x0882,0x0882,0x0882,0x0882,0x0882,0x0882,0x0882,0x0882,0x0882,0x0882,0x0882,0x0882,0x0882,0x0882,
  0x0882,0x0882,0x0882,0x0882,0x0882,0x0882,0x0882,0x0882,0x0882,0x0882,0x0882,0x0882,0x0882,0x0882,0x0882,0x0882,
  0x0882,0x0882,0x0882,0x0882,0x0882,0x0882,0x0882,0x0882,0x0882,0x0882,0x0882,0x0882,0x0882,0x0882,0x0882,0x0882,
  0x0882,0x0882,0x0882,0x0882,0x0882,0x0882,0x6225,0xB3E9,0xB3E9,0xB3E9,0xB3E9,0xB3E9,0xB3E9,0xA368,0x20E3,0x0882,
  0x0882,0x0882,0x0882,0x0882,0x0882,0x0882,0x0882,0x0882,0x0882,0x0882,0x0882,0x0882,0x0882,0x0882,0x0882,0x0882,
  0x0882,0x0882,0x0882,0x0882,0x0882,0x0882,0x0882,0x0882,0x0882,0x0882,0x0882,0x0882,0x0882,0x0882,0x0882,0x0882,
  0x0882,0x0882,0x0882,0x0882,0x0882,0x0882,0x0882,0x0882,0x0882,0x0882,0x0882,0x0882,0x0882,0x0882,0x0882,0x0882,
  0x0882,0x0882,0x0882,0x0882,0x0882,0x0882,0x0882,0x0882,0x0882,0x0882,0x0882,0x0882,0x0882,0x0882,0x0882,0x0882,
  0x0882,0x0882,0x0882,0x0882,0x0882,0x0882,0x0882,0x0882,0x0882,0x0882,0x0882,0x0882,0x0882,0x0882,0x0882,0x0882,
  0x0882,0x0882,0x0882,0x0882,0x0882,0x0882,0x3964,0x6A66,0x8B07,0x9347,0xB3E9,0xB3E9,0xB3E9,0xA368,0x8B07,0x6A66,
  0x4184,0x18C2,0x0882,0x0882,0x3964,0xB3E9,0xB3E9,0xB3E9,0xB3E9,0xB3E9,0xB3E9,0xB3E9,0xB3E9,0x8B07,0x0882,0x0882,
  0x0882,0x0882,0x0882,0x0882,0x0882,0x0882,0x0882,0x0882,0x0882,0x0882,0x0882,0x0882,0x0882,0x0882,0x0882,0x0882,
  0x0882,0x0882,0x0882,0x0882,0x0882,0x0882,0x0882,0x0882,0x0882,0x0882,0x0882,0x0882,0x0882,0x0882,0x0882,0x0882,
  0x0882,0x0882,0x0882,0x0882,0x0882,0x0882,0x0882,0x0882,0x0882,0x0882,0x0882,0x0882,0x0882,0x0882,0x0882,0x0882,
  0x0882,0x0882,0x0882,0x0882,0x0882,0x0882,0x0882,0x0882,0x0882,0x0882,0x0882,0x0882,0x0882,0x0882,0x0882,0x0882,
  0x0882,0x0882,0x0882,0x0882,0x0882,0x0882,0x0882,0x0882,0x0882,0x0882,0x0882,0x0882,0x0882,0x0882,0x0882,0x0882,
  0x0882,0x0882,0x3964,0x82C7,0xABA8,0xB3E9,0xB3E9,0xB3E9,0xB3E9,0xB3E9,0xB3E9,0xB3E9,0xB3E9,0xB3E9,0xB3E9,0xB3E9,
  0xB3E9,0x82C7,0x3964,0x8B07,0xB3E9,0xB3E9,0xB3E9,0xB3E9,0xB3E9,0xB3E9,0xB3E9,0xB3E9,0xB3E9,0x49C5,0x0882,0x0882,
  0x0882,0x0882,0x0882,0x0882,0x0882,0x0882,0x0882,0x0882,0x0882,0x0882,0x0882,0x0882,0x0882,0x0882,0x0882,0x0882,
  0x0882,0x0882,0x0882,0x0882,0x0882,0x0882,0x0882,0x0882,0x0882,0x0882,0x0882,0x0882,0x0882,0x0882,0x0882,0x0882,
  0x0882,0x0882,0x0882,0x0882,0x0882,0x0882,0x0882,0x0882,0x0882,0x0882,0x0882,0x0882,0x0882,0x0882,0x0882,0x0882,
  0x0882,0x0882,0x0882,0x0882,0x0882,0x0882,0x0882,0x0882,0x0882,0x0882,0x0882,0x0882,0x0882,0x0882,0x0882,0x0882,
  0x0882,0x0882,0x0882,0x0882,0x0882,0x0882,0x0882,0x0882,0x0882,0x0882,0x0882,0x0882,0x0882,0x0882,0x0882,0x18C2,
  0x82C7,0xB3E9,0xB3E9,0xB3E9,0xB3E9,0xB3E9,0xB3E9,0xB3E9,0xB3E9,0xB3E9,0xB3E9,0xB3E9,0xB3E9,0xB3E9,0xB3E9,0xB3E9,
  0xB3E9,0xB3E9,0xB3E9,0xB3E9,0xB3E9,0xB3E9,0xB3E9,0xB3E9,0xB3E9,0xB3E9,0xB3E9,0xB3E9,0x6225,0x0882,0x0882,0x0882,
  0x0882,0x0882,0x0882,0x0882,0x0882,0x0882,0x0882,0x0882,0x0882,0x0882,0x0882,0x0882,0x0882,0x0882,0x0882,0x0882,
  0x0882,0x0882,0x0882,0x0882,0x0882,0x0882,0x0882,0x0882,0x0882,0x0882,0x0882,0x0882,0x0882,0x0882,0x0882,0x0882,
  0x0882,0x0882,0x0882,0x0882,0x0882,0x0882,0x0882,0x0882,0x0882,0x0882,0x0882,0x0882,0x0882,0x0882,0x0882,0x0882,
  0x0882,0x0882,0x0882,0x0882,0x0882,0x0882,0x0882,0x0882,0x0882,0x0882,0x0882,0x0882,0x0882,0x0882,0x0882,0x0882,
  0x0882,0x0882,0x0882,0x0882,0x0882,0x0882,0x0882,0x0882,0x0882,0x0882,0x0882,0x0882,0x0882,0x4184,0xABA8,0xB3E9,
  0xB3E9,0xB3E9,0xB3E9,0xB3E9,0xB3E9,0xB3E9,0xB3E9,0xB3E9,0xB3E9,0xB3E9,0xB3E9,0xB3E9,0xB3E9,0xB3E9,0xB3E9,0xB3E9,
  0xB3E9,0xB3E9,0xB3E9,0xB3E9,0xB3E9,0xB3E9,0xB3E9,0xB3E9,0xB3E9,0xB3E9,0xB3E9,0x6225,0x0882,0x0882,0x0882,0x0882,
  0x0882,0x0882,0x0882,0x0882,0x0882,0x0882,0x0882,0x0882,0x0882,0x0882,0x0882,0x0882,0x0882,0x0882,0x0882,0x0882,
  0x0882,0x0882,0x0882,0x0882,0x0882,0x0882,0x0882,0x0882,0x0882,0x0882,0x0882,0x0882,0x0882,0x0882,0x0882,0x0882,
  0x0882,0x0882,0x0882,0x0882,0x0882,0x0882,0x0882,0x0882,0x0882,0x0882,0x0882,0x0882,0x0882,0x0882,0x0882,0x0882,
  0x0882,0x0882,0x0882,0x0882,0x0882,0x0882,0x0882,0x0882,0x0882,0x0882,0x0882,0x0882,0x0882,0x0882,0x0882,0x0882,
  0x0882,0x0882,0x0882,0x0882,0x0882,0x0882,0x0882,0x0882,0x0882,0x0882,0x18C2,0x82C7,0xB3E9,0xB3E9,0xB3E9,0xB3E9,
  0xB3E9,0xB3E9,0xB3E9,0xB3E9,0xB3E9,0xB3E9,0xB3E9,0xB3E9,0xB3E9,0xB3E9,0xB3E9,0xB3E9,0xB3E9,0xB3E9,0xB3E9,0xB3E9,
  0xB3E9,0xB3E9,0xB3E9,0xB3E9,0xB3E9,0xB3E9,0xB3E9,0xB3E9,0xB3E9,0xB3E9,0x5205,0x0882,0x0882,0x0882,0x0882,0x0882,
  0x0882,0x0882,0x0882,0x0882,0x0882,0x0882,0x0882,0x0882,0x0882,0x0882,0x0882,0x0882,0x0882,0x0882,0x0882,0x0882,
  0x0882,0x0882,0x0882,0x0882,0x0882,0x0882,0x0882,0x0882,0x0882,0x0882,0x0882,0x0882,0x0882,0x0882,0x0882,0x0882,
  0x0882,0x0882,0x0882,0x0882,0x0882,0x0882,0x0882,0x0882,0x0882,0x0882,0x0882,0x0882,0x0882,0x0882,0x0882,0x0882,
  0x0882,0x0882,0x0882,0x0882,0x0882,0x0882,0x0882,0x0882,0x0882,0x0882,0x0882,0x0882,0x0882,0x0882,0x0882,0x0882,
  0x0882,0x0882,0x0882,0x0882,0x0882,0x0882,0x0882,0x0882,0x2923,0xABA8,0xB3E9,0xB3E9,0xB3E9,0xB3E9,0xB3E9,0xB3E9,
  0xB3E9,0xB3E9,0xB3E9,0xB3E9,0xB3E9,0xB3E9,0xB3E9,0xB3E9,0xB3E9,0xB3E9,0xB3E9,0xB3E9,0xB3E9,0xB3E9,0xB3E9,0xB3E9,
  0xB3E9,0xB3E9,0xB3E9,0xB3E9,0xB3E9,0xB3E9,0xB3E9,0xB3E9,0xABA8,0x18C2,0x0882,0x0882,0x0882,0x0882,0x0882,0x0882,
  0x0882,0x0882,0x0882,0x0882,0x0882,0x0882,0x0882,0x0882,0x0882,0x0882,0x0882,0x0882,0x0882,0x0882,0x0882,0x0882,
  0x0882,0x0882,0x0882,0x0882,0x0882,0x0882,0x0882,0x0882,0x0882,0x0882,0x0882,0x0882,0x0882,0x0882,0x0882,0x0882,
  0x0882,0x0882,0x0882,0x0882,0x0882,0x0882,0x0882,0x0882,0x0882,0x0882,0x0882,0x0882,0x0882,0x0882,0x0882,0x0882,
  0x0882,0x0882,0x0882,0x0882,0x0882,0x0882,0x0882,0x0882,0x0882,0x0882,0x0882,0x0882,0x0882,0x0882,0x0882,0x0882,
  0x0882,0x0882,0x20E3,0x4184,0x6225,0x8B07,0x8B07,0xABA8,0xB3E9,0xB3E9,0xB3E9,0xB3E9,0xB3E9,0xB3E9,0xB3E9,0xB3E9,
  0xB3E9,0xB3E9,0x6A66,0x2923,0x0882,0x4184,0x82C7,0xB3E9,0xB3E9,0xB3E9,0xB3E9,0xB3E9,0xB3E9,0xB3E9,0xB3E9,0xB3E9,
  0xB3E9,0xB3E9,0xB3E9,0xB3E9,0xB3E9,0xB3E9,0xB3E9,0x5205,0x0882,0x0882,0x0882,0x0882,0x0882,0x0882,0x0882,0x0882,
  0x0882,0x0882,0x0882,0x0882,0x0882,0x0882,0x0882,0x0882,0x0882,0x0882,0x0882,0x0882,0x0882,0x0882,0x0882,0x0882,
  0x0882,0x0882,0x0882,0x0882,0x0882,0x0882,0x0882,0x0882,0x0882,0x0882,0x0882,0x0882,0x0882,0x0882,0x0882,0x0882,
  0x0882,0x0882,0x0882,0x0882,0x0882,0x0882,0x0882,0x0882,0x0882,0x0882,0x0882,0x0882,0x0882,0x0882,0x0882,0x0882,
  0x0882,0x0882,0x0882,0x0882,0x0882,0x0882,0x0882,0x0882,0x0882,0x0882,0x0882,0x0882,0x0882,0x0882,0x3964,0x6225,
  0xABA8,0xB3E9,0xB3E9,0xB3E9,0xB3E9,0xB3E9,0xB3E9,0xB3E9,0xB3E9,0xB3E9,0xB3E9,0xB3E9,0xB3E9,0xB3E9,0xB3E9,0xB3E9,
  0x3964,0x0882,0x0882,0x0882,0x0882,0x0882,0x6225,0xB3E9,0xB3E9,0xB3E9,0xB3E9,0xB3E9,0xB3E9,0xB3E9,0xB3E9,0xB3E9,
  0xB3E9,0xB3E9,0xB3E9,0xB3E9,0xABA8,0x49C5,0x0882,0x0882,0x0882,0x0882,0x0882,0x0882,0x0882,0x0882,0x0882,0x0882,
  0x0882,0x0882,0x0882,0x0882,0x0882,0x0882,0x0882,0x0882,0x0882,0x0882,0x0882,0x0882,0x0882,0x0882,0x0882,0x0882,
  0x0882,0x0882,0x0882,0x0882,0x0882,0x0882,0x0882,0x0882,0x0882,0x0882,0x0882,0x0882,0x0882,0x0882,0x0882,0x0882,
  0x0882,0x0882,0x0882,0x0882,0x0882,0x0882,0x0882,0x0882,0x0882,0x0882,0x0882,0x0882,0x0882,0x0882,0x0882,0x0882,
  0x0882,0x0882,0x0882,0x0882,0x0882,0x0882,0x0882,0x0882,0x0882,0x0882,0x0882,0x49C5,0xA368,0xB3E9,0xB3E9,0xB3E9,
  0xB3E9,0xB3E9,0xB3E9,0xB3E9,0xB3E9,0xB3E9,0xB3E9,0xB3E9,0xB3E9,0xB3E9,0xB3E9,0xB3E9,0xB3E9,0xB3E9,0x72A6,0x0882,
  0x0882,0x0882,0x0882,0x0882,0x0882,0x0882,0xA368,0xB3E9,0xB3E9,0xB3E9,0xB3E9,0xB3E9,0xB3E9,0xB3E9,0xB3E9,0xB3E9,
  0xB3E9,0xB3E9,0xB3E9,0x72A6,0x0882,0x0882,0x0882,0x0882,0x0882,0x0882,0x0882,0x0882,0x0882,0x0882,0x0882,0x0882,
  0x0882,0x0882,0x0882,0x0882,0x0882,0x0882,0x0882,0x0882,0x0882,0x0882,0x0882,0x0882,0x0882,0x0882,0x0882,0x0882,
  0x0882,0x0882,0x0882,0x0882,0x0882,0x0882,0x0882,0x0882,0x0882,0x0882,0x0882,0x0882,0x0882,0x0882,0x0882,0x0882,
  0x0882,0x0882,0x0882,0x0882,0x0882,0x0882,0x0882,0x0882,0x0882,0x0882,0x0882,0x0882,0x0882,0x0882,0x0882,0x0882,
  0x0882,0x0882,0x0882,0x0882,0x0882,0x0882,0x0882,0x0882,0x18C2,0x8B07,0xB3E9,0xB3E9,0xB3E9,0xB3E9,0xB3E9,0xB3E9,
  0xB3E9,0xB3E9,0xB3E9,0xB3E9,0xB3E9,0xB3E9,0xB3E9,0xB3E9,0xB3E9,0xB3E9,0xB3E9,0xB3E9,0xB3E9,0x3964,0x0882,0x0882,
  0x0882,0x0882,0x0882,0x0882,0x0882,0x6225,0xB3E9,0xB3E9,0xB3E9,0xB3E9,0xB3E9,0xB3E9,0xB3E9,0xB3E9,0xB3E9,0xB3E9,
  0xB3E9,0xB3E9,0xB3E9,0x3964,0x0882,0x0882,0x0882,0x0882,0x0882,0x0882,0x0882,0x0882,0x0882,0x0882,0x0882,0x0882,
  0x0882,0x0882,0x0882,0x0882,0x0882,0x0882,0x0882,0x0882,0x0882,0x0882,0x0882,0x0882,0x0882,0x0882,0x0882,0x0882,
  0x0882,0x0882,0x0882,0x0882,0x0882,0x0882,0x0882,0x0882,0x0882,0x0882,0x0882,0x0882,0x0882,0x0882,0x0882,0x0882,
  0x0882,0x0882,0x0882,0x0882,0x0882,0x0882,0x0882,0x0882,0x0882,0x0882,0x0882,0x0882,0x0882,0x0882,0x0882,0x0882,
  0x0882,0x0882,0x0882,0x0882,0x0882,0x0882,0x2923,0xABA8,0xB3E9,0xB3E9,0xB3E9,0xB3E9,0xB3E9,0xB3E9,0xB3E9,0xB3E9,
  0xB3E9,0xB3E9,0xB3E9,0xB3E9,0xB3E9,0xB3E9,0xB3E9,0xB3E9,0xB3E9,0xB3E9,0xB3E9,0xB3E9,0x3964,0x0882,0x0882,0x0882,
  0x0882,0x0882,0x0882,0x0882,0x6225,0xB3E9,0xB3E9,0xB3E9,0xB3E9,0xB3E9,0xB3E9,0xB3E9,0xB3E9,0xB3E9,0xB3E9,0xB3E9,
  0xB3E9,0xB3E9,0x8B07,0x0882,0x0882,0x0882,0x0882,0x0882,0x0882,0x0882,0x0882,0x0882,0x0882,0x0882,0x0882,0x0882,
  0x0882,0x0882,0x0882,0x0882,0x0882,0x0882,0x0882,0x0882,0x0882,0x0882,0x0882,0x0882,0x0882,0x0882,0x0882,0x0882,
  0x0882,0x0882,0x0882,0x0882,0x0882,0x0882,0x0882,0x0882,0x0882,0x0882,0x0882,0x0882,0x0882,0x0882,0x0882,0x0882,
  0x0882,0x0882,0x0882,0x0882,0x0882,0x0882,0x0882,0x0882,0x0882,0x0882,0x0882,0x0882,0x0882,0x0882,0x0882,0x0882,
  0x0882,0x0882,0x0882,0x0882,0x2923,0xABA8,0xB3E9,0xB3E9,0xB3E9,0xB3E9,0xB3E9,0xB3E9,0xB3E9,0xB3E9,0xB3E9,0xB3E9,
  0xB3E9,0xB3E9,0xB3E9,0xB3E9,0xB3E9,0xB3E9,0xB3E9,0xB3E9,0xB3E9,0xB3E9,0xB3E9,0x49C5,0x0882,0x0882,0x0882,0x0882,
  0x0882,0x0882,0x0882,0x72A6,0xB3E9,0xB3E9,0xB3E9,0xB3E9,0xB3E9,0xB3E9,0xB3E9,0xB3E9,0xB3E9,0xB3E9,0xB3E9,0xB3E9,
  0xB3E9,0xB3E9,0x2923,0x0882,0x0882,0x0882,0x0882,0x0882,0x0882,0x0882,0x0882,0x0882,0x0882,0x0882,0x0882,0x0882,
  0x0882,0x0882,0x0882,0x0882,0x0882,0x0882,0x0882,0x0882,0x0882,0x0882,0x0882,0x0882,0x0882,0x0882,0x0882,0x0882,
  0x0882,0x0882,0x0882,0x0882,0x0882,0x0882,0x0882,0x0882,0x0882,0x0882,0x0882,0x0882,0x0882,0x0882,0x0882,0x0882,
  0x0882,0x0882,0x0882,0x0882,0x0882,0x0882,0x0882,0x0882,0x0882,0x0882,0x0882,0x0882,0x0882,0x0882,0x0882,0x0882,
  0x0882,0x0882,0x0882,0x9347,0xB3E9,0xB3E9,0xB3E9,0xB3E9,0xB3E9,0xB3E9,0xB3E9,0xB3E9,0xB3E9,0xB3E9,0xB3E9,0xB3E9,
  0xB3E9,0xB3E9,0xB3E9,0xB3E9,0xB3E9,0xB3E9,0xB3E9,0xB3E9,0xB3E9,0xB3E9,0x9347,0x0882,0x0882,0x0882,0x0882,0x0882,
  0x0882,0x18C2,0xB3E9,0xB3E9,0xB3E9,0xB3E9,0xB3E9,0xB3E9,0xB3E9,0xB3E9,0xB3E9,0xB3E9,0xB3E9,0xB3E9,0xB3E9,0xB3E9,
  0xB3E9,0x6A66,0x0882,0x0882,0x0882,0x0882,0x0882,0x0882,0x0882,0x0882,0x0882,0x0882,0x0882,0x0882,0x0882,0x0882,
  0x0882,0x0882,0x0882,0x0882,0x0882,0x0882,0x0882,0x0882,0x0882,0x0882,0x0882,0x0882,0x0882,0x0882,0x0882,0x0882,
  0x0882,0x0882,0x0882,0x0882,0x0882,0x0882,0x0882,0x0882,0x0882,0x0882,0x0882,0x0882,0x0882,0x0882,0x0882,0x0882,
  0x0882,0x0882,0x0882,0x0882,0x0882,0x0882,0x0882,0x0882,0x0882,0x0882,0x0882,0x0882,0x0882,0x0882,0x0882,0x0882,
  0x0882,0x6225,0xB3E9,0xB3E9,0xB3E9,0xB3E9,0xB3E9,0xB3E9,0xB3E9,0xB3E9,0xB3E9,0xB3E9,0xB3E9,0xB3E9,0xB3E9,0xB3E9,
  0xB3E9,0xB3E9,0xB3E9,0xB3E9,0xB3E9,0xB3E9,0xB3E9,0xB3E9,0xB3E9,0xB3E9,0x8B07,0x18C2,0x0882,0x0882,0x0882,0x2923,
  0xA368,0xB3E9,0xB3E9,0xB3E9,0xB3E9,0xB3E9,0xB3E9,0xB3E9,0xB3E9,0xB3E9,0xB3E9,0xB3E9,0xB3E9,0xB3E9,0xB3E9,0xB3E9,
  0x9347,0x0882,0x0882,0x0882,0x0882,0x0882,0x0882,0x0882,0x0882,0x0882,0x0882,0x0882,0x0882,0x0882,0x0882,0x0882,
  0x0882,0x0882,0x0882,0x0882,0x0882,0x0882,0x0882,0x0882,0x0882,0x0882,0x0882,0x0882,0x0882,0x0882,0x0882,0x0882,
  0x0882,0x0882,0x0882,0x0882,0x0882,0x0882,0x0882,0x0882,0x0882,0x0882,0x0882,0x0882,0x0882,0x0882,0x0882,0x0882,
  0x0882,0x0882,0x0882,0x0882,0x0882,0x0882,0x0882,0x0882,0x0882,0x0882,0x0882,0x0882,0x0882,0x0882,0x0882,0x0882,
  0xABA8,0xB3E9,0xB3E9,0xB3E9,0xB3E9,0xB3E9,0xB3E9,0xB3E9,0xB3E9,0xB3E9,0xB3E9,0xB3E9,0xB3E9,0xB3E9,0xB3E9,0xB3E9,
  0xB3E9,0xB3E9,0xB3E9,0xB3E9,0xB3E9,0xB3E9,0xB3E9,0xB3E9,0xB3E9,0xB3E9,0xABA8,0x72A6,0x6225,0x82C7,0xB3E9,0xB3E9,
  0xB3E9,0xB3E9,0xB3E9,0xB3E9,0xB3E9,0xB3E9,0xB3E9,0xB3E9,0xB3E9,0xB3E9,0xB3E9,0xB3E9,0xB3E9,0xB3E9,0xB3E9,0xB3E9,
  0x0882,0x0882,0x0882,0x0882,0x0882,0x0882,0x0882,0x0882,0x0882,0x0882,0x0882,0x0882,0x0882,0x0882,0x0882,0x0882,
  0x0882,0x0882,0x0882,0x0882,0x0882,0x0882,0x0882,0x0882,0x0882,0x0882,0x0882,0x0882,0x0882,0x0882,0x0882,0x0882,
  0x0882,0x0882,0x0882,0x0882,0x0882,0x0882,0x0882,0x0882,0x0882,0x0882,0x0882,0x0882,0x0882,0x0882,0x0882,0x0882,
  0x0882,0x0882,0x0882,0x0882,0x0882,0x0882,0x0882,0x0882,0x0882,0x0882,0x0882,0x0882,0x0882,0x0882,0x0882,0xB3E9,
  0xB3E9,0xB3E9,0xB3E9,0xB3E9,0xB3E9,0xB3E9,0xB3E9,0xB3E9,0xB3E9,0xB3E9,0xB3E9,0xB3E9,0xB3E9,0xB3E9,0xB3E9,0xB3E9,
  0xB3E9,0xB3E9,0xB3E9,0xB3E9,0xB3E9,0xB3E9,0xB3E9,0xB3E9,0xB3E9,0xB3E9,0xB3E9,0xB3E9,0xB3E9,0xB3E9,0xB3E9,0xB3E9,
  0xB3E9,0xB3E9,0xB3E9,0xB3E9,0xB3E9,0xB3E9,0xB3E9,0xB3E9,0xB3E9,0xB3E9,0xB3E9,0xB3E9,0xB3E9,0xB3E9,0xB3E9,0x3964,
  0x0882,0x0882,0x0882,0x0882,0x0882,0x0882,0x0882,0x0882,0x0882,0x0882,0x0882,0x0882,0x0882,0x0882,0x0882,0x0882,
  0x0882,0x0882,0x0882,0x0882,0x0882,0x0882,0x0882,0x0882,0x0882,0x0882,0x0882,0x0882,0x0882,0x0882,0x0882,0x0882,
  0x0882,0x0882,0x0882,0x0882,0x0882,0x0882,0x0882,0x0882,0x0882,0x0882,0x0882,0x0882,0x0882,0x0882,0x0882,0x0882,
  0x0882,0x0882,0x0882,0x0882,0x0882,0x0882,0x0882,0x0882,0x0882,0x0882,0x0882,0x0882,0x0882,0x0882,0xB3E9,0xB3E9,
  0xB3E9,0xB3E9,0xB3E9,0xB3E9,0xB3E9,0xB3E9,0xB3E9,0xB3E9,0xB3E9,0xB3E9,0xB3E9,0xB3E9,0xB3E9,0xB3E9,0xB3E9,0xB3E9,
  0xB3E9,0xB3E9,0xB3E9,0xB3E9,0xB3E9,0xB3E9,0xB3E9,0xB3E9,0xB3E9,0xB3E9,0xB3E9,0xB3E9,0xB3E9,0xB3E9,0xB3E9,0xB3E9,
  0xB3E9,0xB3E9,0xB3E9,0xB3E9,0xB3E9,0xB3E9,0xB3E9,0xB3E9,0xB3E9,0xB3E9,0xB3E9,0xB3E9,0xB3E9,0xB3E9,0x3964,0x0882,
  0x0882,0x0882,0x0882,0x0882,0x0882,0x0882,0x0882,0x0882,0x0882,0x0882,0x0882,0x0882,0x0882,0x0882,0x0882,0x0882,
  0x0882,0x0882,0x0882,0x0882,0x0882,0x0882,0x0882,0x0882,0x0882,0x0882,0x0882,0x0882,0x0882,0x0882,0x0882,0x0882,
  0x0882,0x0882,0x0882,0x0882,0x0882,0x0882,0x0882,0x0882,0x0882,0x0882,0x0882,0x0882,0x0882,0x0882,0x0882,0x0882,
  0x0882,0x0882,0x0882,0x0882,0x0882,0x0882,0x0882,0x0882,0x0882,0x0882,0x0882,0x0882,0x0882,0x9347,0xB3E9,0xB3E9,
  0xB3E9,0xB3E9,0xB3E9,0xB3E9,0xB3E9,0xB3E9,0xB3E9,0xB3E9,0xB3E9,0xB3E9,0xB3E9,0xB3E9,0xB3E9,0xB3E9,0xB3E9,0xB3E9,
  0xB3E9,0xB3E9,0xB3E9,0xB3E9,0xB3E9,0xB3E9,0xB3E9,0xB3E9,0xB3E9,0xB3E9,0xB3E9,0xB3E9,0xB3E9,0xB3E9,0xB3E9,0xB3E9,
  0xB3E9,0xB3E9,0xB3E9,0xB3E9,0xB3E9,0xB3E9,0xB3E9,0xB3E9,0xB3E9,0xB3E9,0xB3E9,0xB3E9,0xB3E9,0x3964,0x0882,0x0882,
  0x0882,0x0882,0x0882,0x0882,0x0882,0x0882,0x0882,0x0882,0x0882,0x0882,0x0882,0x0882,0x0882,0x0882,0x0882,0x0882,
  0x0882,0x0882,0x0882,0x0882,0x0882,0x0882,0x0882,0x0882,0x0882,0x0882,0x0882,0x0882,0x0882,0x0882,0x0882,0x0882,
  0x0882,0x0882,0x0882,0x0882,0x0882,0x0882,0x0882,0x0882,0x0882,0x0882,0x0882,0x0882,0x0882,0x0882,0x0882,0x0882,
  0x0882,0x0882,0x0882,0x0882,0x0882,0x0882,0x0882,0x0882,0x0882,0x0882,0x0882,0x0882,0x49C5,0xB3E9,0xB3E9,0xB3E9,
  0xB3E9,0xABA8,0x8B07,0x6225,0x6225,0x6225,0x6225,0x3964,0x3964,0x3964,0x49C5,0x6225,0x6225,0x6225,0x8B07,0x8B07,
  0xB3E9,0xB3E9,0xB3E9,0xB3E9,0xB3E9,0xB3E9,0xB3E9,0xB3E9,0xB3E9,0xB3E9,0xB3E9,0xB3E9,0xB3E9,0xB3E9,0xB3E9,0xB3E9,
  0xB3E9,0xB3E9,0xB3E9,0xB3E9,0xB3E9,0xB3E9,0xB3E9,0xB3E9,0xB3E9,0xB3E9,0xB3E9,0xB3E9,0x3964,0x0882,0x0882,0x0882,
  0x0882,0x0882,0x0882,0x0882,0x0882,0x0882,0x0882,0x0882,0x0882,0x0882,0x0882,0x0882,0x0882,0x0882,0x0882,0x0882,
  0x0882,0x0882,0x0882,0x0882,0x0882,0x0882,0x0882,0x0882,0x0882,0x0882,0x0882,0x0882,0x0882,0x0882,0x0882,0x0882,
  0x0882,0x0882,0x0882,0x0882,0x0882,0x0882,0x0882,0x0882,0x0882,0x0882,0x0882,0x0882,0x0882,0x0882,0x0882,0x0882,
  0x0882,0x0882,0x0882,0x0882,0x0882,0x0882,0x0882,0x0882,0x0882,0x0882,0x0882,0x0882,0x6225,0x3964,0x18C2,0x0882,
  0x0882,0x0882,0x0882,0x0882,0x0882,0x0882,0x0882,0x0882,0x0882,0x0882,0x0882,0x0882,0x0882,0x0882,0x0882,0x18C2,
  0x49C5,0xA368,0xB3E9,0xB3E9,0xB3E9,0xB3E9,0xB3E9,0xB3E9,0xB3E9,0xB3E9,0xB3E9,0xB3E9,0xB3E9,0xB3E9,0xB3E9,0xB3E9,
  0xB3E9,0xB3E9,0xB3E9,0xB3E9,0xB3E9,0xB3E9,0xB3E9,0xB3E9,0xB3E9,0xB3E9,0xB3E9,0x3964,0x0882,0x0882,0x0882,0x0882,
  0x0882,0x0882,0x0882,0x0882,0x0882,0x0882,0x0882,0x0882,0x0882,0x0882,0x0882,0x0882,0x0882,0x0882,0x0882,0x0882,
  0x0882,0x0882,0x0882,0x0882,0x0882,0x0882,0x0882,0x0882,0x0882,0x0882,0x0882,0x0882,0x0882,0x0882,0x0882,0x0882,
  0x0882,0x0882,0x0882,0x0882,0x0882,0x0882,0x0882,0x0882,0x0882,0x0882,0x0882,0x0882,0x0882,0x0882,0x0882,0x0882,
  0x0882,0x0882,0x0882,0x0882,0x0882,0x0882,0x0882,0x0882,0x0882,0x0882,0x0882,0x0882,0x0882,0x0882,0x0882,0x0882,
  0x0882,0x0882,0x0882,0x0882,0x0882,0x0882,0x0882,0x0882,0x0882,0x0882,0x0882,0x0882,0x0882,0x0882,0x0882,0x0882,
  0x0882,0x9347,0xB3E9,0xB3E9,0xB3E9,0xB3E9,0xB3E9,0xB3E9,0xB3E9,0xB3E9,0xB3E9,0xB3E9,0xB3E9,0xB3E9,0xB3E9,0xB3E9,
  0xB3E9,0xB3E9,0xB3E9,0xB3E9,0xB3E9,0xB3E9,0xB3E9,0xB3E9,0xB3E9,0xB3E9,0x0882,0x0882,0x0882,0x0882,0x0882,0x0882,
  0x0882,0x0882,0x0882,0x0882,0x0882,0x0882,0x0882,0x0882,0x0882,0x0882,0x0882,0x0882,0x0882,0x0882,0x0882,0x0882,
  0x0882,0x0882,0x0882,0x0882,0x0882,0x0882,0x0882,0x0882,0x0882,0x0882,0x0882,0x0882,0x0882,0x0882,0x0882,0x0882,
  0x0882,0x0882,0x0882,0x0882,0x0882,0x0882,0x0882,0x0882,0x0882,0x0882,0x0882,0x0882,0x0882,0x0882,0x0882,0x0882,
  0x0882,0x0882,0x0882,0x0882,0x0882,0x0882,0x0882,0x0882,0x0882,0x0882,0x0882,0x0882,0x0882,0x0882,0x0882,0x0882,
  0x0882,0x0882,0x0882,0x0882,0x0882,0x0882,0x0882,0x0882,0x0882,0x0882,0x0882,0x0882,0x0882,0x0882,0x0882,0x18C2,
  0xA368,0xB3E9,0xB3E9,0xB3E9,0xB3E9,0xB3E9,0xB3E9,0xB3E9,0xB3E9,0xB3E9,0xB3E9,0xB3E9,0xB3E9,0xB3E9,0xB3E9,0xB3E9,
  0xB3E9,0xB3E9,0xB3E9,0xB3E9,0xB3E9,0xB3E9,0xB3E9,0xB3E9,0x9347,0x0882,0x0882,0x0882,0x0882,0x0882,0x0882,0x0882,
  0x0882,0x0882,0x0882,0x0882,0x0882,0x0882,0x0882,0x0882,0x0882,0x0882,0x0882,0x0882,0x0882,0x0882,0x0882,0x0882,
  0x0882,0x0882,0x0882,0x0882,0x0882,0x0882,0x0882,0x0882,0x0882,0x0882,0x0882,0x0882,0x0882,0x0882,0x0882,0x0882,
  0x0882,0x0882,0x0882,0x0882,0x0882,0x0882,0x0882,0x0882,0x0882,0x0882,0x0882,0x0882,0x0882,0x0882,0x0882,0x0882,
  0x0882,0x0882,0x0882,0x0882,0x0882,0x0882,0x0882,0x0882,0x0882,0x0882,0x0882,0x0882,0x0882,0x0882,0x0882,0x0882,
  0x0882,0x0882,0x0882,0x0882,0x0882,0x0882,0x0882,0x0882,0x0882,0x0882,0x0882,0x0882,0x0882,0x4184,0x9347,0xB3E9,
  0xB3E9,0xB3E9,0xB3E9,0xB3E9,0xB3E9,0xB3E9,0xB3E9,0xB3E9,0xB3E9,0xB3E9,0xB3E9,0xB3E9,0xB3E9,0xB3E9,0xB3E9,0xB3E9,
  0xB3E9,0xB3E9,0xB3E9,0xB3E9,0xB3E9,0xB3E9,0xB3E9,0x6A66,0x0882,0x0882,0x0882,0x0882,0x0882,0x0882,0x0882,0x0882,
  0x0882,0x0882,0x0882,0x0882,0x0882,0x0882,0x0882,0x0882,0x0882,0x0882,0x0882,0x0882,0x0882,0x0882,0x0882,0x0882,
  0x0882,0x0882,0x0882,0x0882,0x0882,0x0882,0x0882,0x0882,0x0882,0x0882,0x0882,0x0882,0x0882,0x0882,0x0882,0x0882,
  0x0882,0x0882,0x0882,0x0882,0x0882,0x0882,0x0882,0x0882,0x0882,0x0882,0x0882,0x0882,0x0882,0x0882,0x0882,0x0882,
  0x0882,0x0882,0x0882,0x0882,0x0882,0x0882,0x0882,0x0882,0x0882,0x0882,0x0882,0x0882,0x0882,0x0882,0x0882,0x0882,
  0x0882,0x0882,0x0882,0x0882,0x0882,0x0882,0x0882,0x0882,0x0882,0x20E3,0x49C5,0x8B07,0xB3E9,0xB3E9,0xB3E9,0xB3E9,
  0xB3E9,0xB3E9,0xB3E9,0xB3E9,0xB3E9,0xB3E9,0xB3E9,0xB3E9,0xB3E9,0xB3E9,0xB3E9,0xB3E9,0xB3E9,0xB3E9,0xB3E9,0xB3E9,
  0xB3E9,0xB3E9,0xB3E9,0xB3E9,0xB3E9,0xB3E9,0x6225,0x0882,0x0882,0x0882,0x0882,0x0882,0x0882,0x0882,0x0882,0x0882,
  0x0882,0x0882,0x0882,0x0882,0x0882,0x0882,0x0882,0x0882,0x0882,0x0882,0x0882,0x0882,0x0882,0x0882,0x0882,0x0882,
  0x0882,0x0882,0x0882,0x0882,0x0882,0x0882,0x0882,0x0882,0x0882,0x0882,0x0882,0x0882,0x0882,0x0882,0x0882,0x0882,
  0x0882,0x0882,0x0882,0x0882,0x0882,0x0882,0x0882,0x0882,0x0882,0x0882,0x0882,0x0882,0x0882,0x0882,0x0882,0x0882,
  0x0882,0x0882,0x0882,0x0882,0x0882,0x0882,0x0882,0x0882,0x0882,0x0882,0x0882,0x0882,0x0882,0x0882,0x0882,0x0882,
  0x0882,0x0882,0x0882,0x18C2,0x3964,0x6225,0x82C7,0xA368,0xB3E9,0xB3E9,0xB3E9,0xB3E9,0xB3E9,0xB3E9,0xB3E9,0xB3E9,
  0xB3E9,0xB3E9,0xB3E9,0xB3E9,0xB3E9,0xB3E9,0xB3E9,0xB3E9,0xB3E9,0xB3E9,0xB3E9,0xB3E9,0xB3E9,0xB3E9,0xB3E9,0xB3E9,
  0xB3E9,0xB3E9,0xB3E9,0xB3E9,0xB3E9,0xB3E9,0x8B07,0x20E3,0x0882,0x0882,0x0882,0x0882,0x0882,0x0882,0x0882,0x0882,
  0x0882,0x0882,0x0882,0x0882,0x0882,0x0882,0x0882,0x0882,0x0882,0x0882,0x0882,0x0882,0x0882,0x0882,0x0882,0x0882,
  0x0882,0x0882,0x0882,0x0882,0x0882,0x0882,0x0882,0x0882,0x0882,0x0882,0x0882,0x0882,0x0882,0x0882,0x0882,0x0882,
  0x0882,0x0882,0x0882,0x0882,0x0882,0x0882,0x0882,0x0882,0x0882,0x0882,0x0882,0x0882,0x0882,0x0882,0x0882,0x0882,
  0x0882,0x0882,0x0882,0x0882,0x0882,0x0882,0x0882,0x0882,0x0882,0x0882,0x0882,0x8B07,0x8B07,0x8B07,0x8B07,0x8B07,
  0xABA8,0xB3E9,0xB3E9,0xB3E9,0xB3E9,0xB3E9,0xB3E9,0xB3E9,0xB3E9,0xB3E9,0xB3E9,0xB3E9,0xB3E9,0xB3E9,0xB3E9,0xB3E9,
  0xB3E9,0xB3E9,0xB3E9,0xB3E9,0xB3E9,0xB3E9,0xB3E9,0xB3E9,0xB3E9,0xB3E9,0xB3E9,0xB3E9,0xB3E9,0xB3E9,0xB3E9,0xB3E9,
  0xB3E9,0xB3E9,0xB3E9,0xB3E9,0xB3E9,0xB3E9,0xABA8,0x4184,0x0882,0x0882,0x0882,0x0882,0x0882,0x0882,0x0882,0x0882,
  0x0882,0x0882,0x0882,0x0882,0x0882,0x0882,0x0882,0x0882,0x0882,0x0882,0x0882,0x0882,0x0882,0x0882,0x0882,0x0882,
  0x0882,0x0882,0x0882,0x0882,0x0882,0x0882,0x0882,0x0882,0x0882,0x0882,0x0882,0x0882,0x0882,0x0882,0x0882,0x0882,
  0x0882,0x0882,0x0882,0x0882,0x0882,0x0882,0x0882,0x0882,0x0882,0x0882,0x0882,0x0882,0x0882,0x0882,0x0882,0x0882,
  0x0882,0x0882,0x0882,0x0882,0x0882,0x0882,0x0882,0x0882,0x0882,0x0882,0x8B07,0xB3E9,0xB3E9,0xB3E9,0xB3E9,0xB3E9,
  0xB3E9,0xB3E9,0xB3E9,0xB3E9,0xB3E9,0xB3E9,0xB3E9,0xB3E9,0xB3E9,0xB3E9,0xB3E9,0xB3E9,0xB3E9,0xB3E9,0xB3E9,0xB3E9,
  0xB3E9,0xB3E9,0xB3E9,0xB3E9,0xB3E9,0xB3E9,0xB3E9,0xB3E9,0xB3E9,0xB3E9,0xB3E9,0xB3E9,0xB3E9,0xB3E9,0xB3E9,0xB3E9,
  0xB3E9,0xB3E9,0xB3E9,0xB3E9,0xB3E9,0xB3E9,0xB3E9,0x72A6,0x0882,0x0882,0x0882,0x0882,0x0882,0x0882,0x0882,0x0882,
  0x0882,0x0882,0x0882,0x0882,0x0882,0x0882,0x0882,0x0882,0x0882,0x0882,0x0882,0x0882,0x0882,0x0882,0x0882,0x0882,
  0x0882,0x0882,0x0882,0x0882,0x0882,0x0882,0x0882,0x0882,0x0882,0x0882,0x0882,0x0882,0x0882,0x0882,0x0882,0x0882,
  0x0882,0x0882,0x0882,0x0882,0x0882,0x0882,0x0882,0x0882,0x0882,0x0882,0x0882,0x0882,0x0882,0x0882,0x0882,0x0882,
  0x0882,0x0882,0x0882,0x0882,0x0882,0x0882,0x0882,0x0882,0x0882,0x2923,0xB3E9,0xB3E9,0xB3E9,0xB3E9,0xB3E9,0xB3E9,
  0xB3E9,0xB3E9,0xB3E9,0xB3E9,0xB3E9,0xB3E9,0xB3E9,0xB3E9,0xB3E9,0xB3E9,0xB3E9,0xB3E9,0xB3E9,0xB3E9,0xB3E9,0xB3E9,
  0xB3E9,0xB3E9,0xB3E9,0xB3E9,0xB3E9,0xB3E9,0xB3E9,0xB3E9,0xB3E9,0xB3E9,0xB3E9,0xB3E9,0xB3E9,0xB3E9,0xB3E9,0xB3E9,
  0xB3E9,0xB3E9,0xB3E9,0xB3E9,0xB3E9,0xB3E9,0xB3E9,0x72A6,0x0882,0x0882,0x0882,0x0882,0x0882,0x0882,0x0882,0x0882,
  0x0882,0x0882,0x0882,0x0882,0x0882,0x0882,0x0882,0x0882,0x0882,0x0882,0x0882,0x0882,0x0882,0x0882,0x0882,0x0882,
  0x0882,0x0882,0x0882,0x0882,0x0882,0x0882,0x0882,0x0882,0x0882,0x0882,0x0882,0x0882,0x0882,0x0882,0x0882,0x0882,
  0x0882,0x0882,0x0882,0x0882,0x0882,0x0882,0x0882,0x0882,0x0882,0x0882,0x0882,0x0882,0x0882,0x0882,0x0882,0x0882,
  0x0882,0x0882,0x0882,0x0882,0x0882,0x0882,0x0882,0x0882,0x0882,0x49C5,0xB3E9,0xB3E9,0xB3E9,0xB3E9,0xB3E9,0xB3E9,
  0xB3E9,0xB3E9,0xB3E9,0xB3E9,0xB3E9,0xB3E9,0xB3E9,0xB3E9,0xB3E9,0xB3E9,0xB3E9,0xB3E9,0xB3E9,0xB3E9,0xB3E9,0xB3E9,
  0xB3E9,0xB3E9,0xB3E9,0xB3E9,0xB3E9,0xB3E9,0xB3E9,0xB3E9,0xB3E9,0xB3E9,0xB3E9,0xB3E9,0xB3E9,0xB3E9,0xB3E9,0xB3E9,
  0xB3E9,0xB3E9,0xB3E9,0xB3E9,0xB3E9,0xB3E9,0xB3E9,0x72A6,0x0882,0x0882,0x0882,0x0882,0x0882,0x0882,0x0882,0x0882,
  0x0882,0x0882,0x0882,0x0882,0x0882,0x0882,0x0882,0x0882,0x0882,0x0882,0x0882,0x0882,0x0882,0x0882,0x0882,0x0882,
  0x0882,0x0882,0x0882,0x0882,0x0882,0x0882,0x0882,0x0882,0x0882,0x0882,0x0882,0x0882,0x0882,0x0882,0x0882,0x0882,
  0x0882,0x0882,0x0882,0x0882,0x0882,0x0882,0x0882,0x0882,0x0882,0x0882,0x0882,0x0882,0x0882,0x0882,0x0882,0x0882,
  0x0882,0x0882,0x0882,0x0882,0x0882,0x0882,0x0882,0x0882,0x0882,0x49C5,0xABA8,0xB3E9,0xB3E9,0xB3E9,0xB3E9,0xB3E9,
  0xB3E9,0xB3E9,0xB3E9,0xB3E9,0xB3E9,0xB3E9,0xB3E9,0xB3E9,0xB3E9,0xB3E9,0xB3E9,0xB3E9,0xB3E9,0xB3E9,0xB3E9,0xB3E9,
  0xB3E9,0xB3E9,0xB3E9,0xB3E9,0xB3E9,0xB3E9,0xB3E9,0xB3E9,0xB3E9,0xB3E9,0xB3E9,0xB3E9,0xB3E9,0xB3E9,0xB3E9,0xB3E9,
  0xB3E9,0xB3E9,0xB3E9,0xB3E9,0xB3E9,0xB3E9,0xB3E9,0x49C5,0x0882,0x0882,0x0882,0x0882,0x0882,0x0882,0x0882,0x0882,
  0x0882,0x0882,0x0882,0x0882,0x0882,0x0882,0x0882,0x0882,0x0882,0x0882,0x0882,0x0882,0x0882,0x0882,0x0882,0x0882,
  0x0882,0x0882,0x0882,0x0882,0x0882,0x0882,0x0882,0x0882,0x0882,0x0882,0x0882,0x0882,0x0882,0x0882,0x0882,0x0882,
  0x0882,0x0882,0x0882,0x0882,0x0882,0x0882,0x0882,0x0882,0x0882,0x0882,0x0882,0x0882,0x0882,0x0882,0x0882,0x0882,
  0x0882,0x0882,0x0882,0x0882,0x0882,0x0882,0x0882,0x0882,0x0882,0x2923,0x9347,0xB3E9,0xB3E9,0xB3E9,0xB3E9,0xB3E9,
  0xB3E9,0xB3E9,0xB3E9,0xB3E9,0xB3E9,0xB3E9,0xB3E9,0xB3E9,0xB3E9,0xB3E9,0xB3E9,0xB3E9,0xB3E9,0xB3E9,0xB3E9,0xB3E9,
  0xB3E9,0xB3E9,0xB3E9,0xB3E9,0xB3E9,0xB3E9,0xB3E9,0xB3E9,0xB3E9,0xB3E9,0xB3E9,0xB3E9,0xB3E9,0xB3E9,0xB3E9,0xB3E9,
  0xB3E9,0xB3E9,0xB3E9,0xB3E9,0xB3E9,0xB3E9,0xB3E9,0x20E3,0x0882,0x0882,0x0882,0x0882,0x0882,0x0882,0x0882,0x0882,
  0x0882,0x0882,0x0882,0x0882,0x0882,0x0882,0x0882,0x0882,0x0882,0x0882,0x0882,0x0882,0x0882,0x0882,0x0882,0x0882,
  0x0882,0x0882,0x0882,0x0882,0x0882,0x0882,0x0882,0x0882,0x0882,0x0882,0x0882,0x0882,0x0882,0x0882,0x0882,0x0882,
  0x0882,0x0882,0x0882,0x0882,0x0882,0x0882,0x0882,0x0882,0x0882,0x0882,0x0882,0x0882,0x0882,0x0882,0x0882,0x0882,
  0x0882,0x0882,0x0882,0x0882,0x0882,0x0882,0x0882,0x0882,0x0882,0x0882,0x6225,0xB3E9,0xB3E9,0xB3E9,0xB3E9,0xB3E9,
  0xB3E9,0xB3E9,0xB3E9,0xB3E9,0xB3E9,0xB3E9,0xB3E9,0xB3E9,0xB3E9,0xB3E9,0xB3E9,0xB3E9,0xB3E9,0xB3E9,0xB3E9,0xB3E9,
  0xB3E9,0xB3E9,0xB3E9,0xB3E9,0xB3E9,0xB3E9,0xB3E9,0xB3E9,0xB3E9,0xB3E9,0xB3E9,0xB3E9,0xB3E9,0xB3E9,0xB3E9,0xB3E9,
  0xB3E9,0xB3E9,0xB3E9,0xB3E9,0xB3E9,0xB3E9,0x8B07,0x0882,0x0882,0x0882,0x0882,0x0882,0x0882,0x0882,0x0882,0x0882,
  0x0882,0x0882,0x0882,0x0882,0x0882,0x0882,0x0882,0x0882,0x0882,0x0882,0x0882,0x0882,0x0882,0x0882,0x0882,0x0882,
  0x0882,0x0882,0x0882,0x0882,0x0882,0x0882,0x0882,0x0882,0x0882,0x0882,0x0882,0x0882,0x0882,0x0882,0x0882,0x0882,
  0x0882,0x0882,0x0882,0x0882,0x0882,0x0882,0x0882,0x0882,0x0882,0x0882,0x0882,0x0882,0x0882,0x0882,0x0882,0x0882,
  0x0882,0x0882,0x0882,0x0882,0x0882,0x0882,0x0882,0x0882,0x0882,0x0882,0x0882,0x49C5,0xA368,0xB3E9,0xB3E9,0xB3E9,
  0xB3E9,0xB3E9,0xB3E9,0xB3E9,0xB3E9,0xB3E9,0xB3E9,0xB3E9,0xB3E9,0xB3E9,0xB3E9,0xB3E9,0xB3E9,0xB3E9,0xB3E9,0xB3E9,
  0xB3E9,0xB3E9,0xB3E9,0xB3E9,0xB3E9,0xB3E9,0xB3E9,0xB3E9,0xB3E9,0xB3E9,0xB3E9,0xB3E9,0xB3E9,0xB3E9,0xB3E9,0xB3E9,
  0xB3E9,0xB3E9,0xB3E9,0xB3E9,0xB3E9,0xB3E9,0x3964,0x0882,0x0882,0x0882,0x0882,0x0882,0x0882,0x0882,0x0882,0x0882,
  0x0882,0x0882,0x0882,0x0882,0x0882,0x0882,0x0882,0x0882,0x0882,0x0882,0x0882,0x0882,0x0882,0x0882,0x0882,0x0882,
  0x0882,0x0882,0x0882,0x0882,0x0882,0x0882,0x0882,0x0882,0x0882,0x0882,0x0882,0x0882,0x0882,0x0882,0x0882,0x0882,
  0x0882,0x0882,0x0882,0x0882,0x0882,0x0882,0x0882,0x0882,0x0882,0x0882,0x0882,0x0882,0x0882,0x0882,0x0882,0x0882,
  0x0882,0x0882,0x0882,0x0882,0x0882,0x0882,0x0882,0x0882,0x0882,0x0882,0x0882,0x0882,0x3964,0x6225,0x9347,0xB3E9,
  0xB3E9,0xB3E9,0xB3E9,0xB3E9,0xB3E9,0xB3E9,0xB3E9,0xB3E9,0xB3E9,0xB3E9,0xB3E9,0xB3E9,0xB3E9,0xB3E9,0xB3E9,0xB3E9,
  0xB3E9,0xB3E9,0xB3E9,0xB3E9,0xB3E9,0xB3E9,0xB3E9,0xB3E9,0xB3E9,0xB3E9,0xB3E9,0xB3E9,0xB3E9,0xB3E9,0xB3E9,0xB3E9,
  0xB3E9,0xB3E9,0xB3E9,0xB3E9,0xB3E9,0x8B07,0x0882,0x0882,0x0882,0x0882,0x0882,0x0882,0x0882,0x0882,0x0882,0x0882,
  0x0882,0x0882,0x0882,0x0882,0x0882,0x0882,0x0882,0x0882,0x0882,0x0882,0x0882,0x0882,0x0882,0x0882,0x0882,0x0882,
  0x0882,0x0882,0x0882,0x0882,0x0882,0x0882,0x0882,0x0882,0x0882,0x0882,0x0882,0x0882,0x0882,0x0882,0x0882,0x0882,
  0x0882,0x0882,0x0882,0x0882,0x0882,0x0882,0x0882,0x0882,0x0882,0x0882,0x0882,0x0882,0x0882,0x0882,0x0882,0x0882,
  0x0882,0x0882,0x0882,0x0882,0x0882,0x0882,0x0882,0x0882,0x0882,0x0882,0x0882,0x0882,0x0882,0x18C2,0xABA8,0xB3E9,
  0xB3E9,0xB3E9,0xB3E9,0xB3E9,0xB3E9,0xB3E9,0xB3E9,0xB3E9,0xB3E9,0xB3E9,0xB3E9,0xB3E9,0xB3E9,0xB3E9,0xB3E9,0xB3E9,
  0xB3E9,0xB3E9,0xB3E9,0xB3E9,0xB3E9,0xB3E9,0xB3E9,0xB3E9,0xB3E9,0xB3E9,0xB3E9,0xB3E9,0xB3E9,0xB3E9,0xB3E9,0xB3E9,
  0xB3E9,0xB3E9,0xB3E9,0xB3E9,0xB3E9,0x3964,0x0882,0x0882,0x0882,0x0882,0x0882,0x0882,0x0882,0x0882,0x0882,0x0882,
  0x0882,0x0882,0x0882,0x0882,0x0882,0x0882,0x0882,0x0882,0x0882,0x0882,0x0882,0x0882,0x0882,0x0882,0x0882,0x0882,
  0x0882,0x0882,0x0882,0x0882,0x0882,0x0882,0x0882,0x0882,0x0882,0x0882,0x0882,0x0882,0x0882,0x0882,0x0882,0x0882,
  0x0882,0x0882,0x0882,0x0882,0x0882,0x0882,0x0882,0x0882,0x0882,0x0882,0x0882,0x0882,0x0882,0x0882,0x0882,0x0882,
  0x0882,0x0882,0x0882,0x0882,0x0882,0x0882,0x0882,0x0882,0x0882,0x0882,0x0882,0x0882,0x6225,0xB3E9,0xB3E9,0xB3E9,
  0xB3E9,0xB3E9,0xB3E9,0xB3E9,0xB3E9,0xB3E9,0xB3E9,0xB3E9,0xB3E9,0xB3E9,0xB3E9,0xB3E9,0xB3E9,0xB3E9,0xB3E9,0xB3E9,
  0xB3E9,0xB3E9,0xB3E9,0xB3E9,0xB3E9,0xB3E9,0xB3E9,0xB3E9,0xB3E9,0xB3E9,0xB3E9,0xB3E9,0xB3E9,0xB3E9,0xB3E9,0xB3E9,
  0xB3E9,0xB3E9,0xB3E9,0xB3E9,0x8B07,0x0882,0x0882,0x0882,0x0882,0x0882,0x0882,0x0882,0x0882,0x0882,0x0882,0x0882,
  0x0882,0x0882,0x0882,0x0882,0x0882,0x0882,0x0882,0x0882,0x0882,0x0882,0x0882,0x0882,0x0882,0x0882,0x0882,0x0882,
  0x0882,0x0882,0x0882,0x0882,0x0882,0x0882,0x0882,0x0882,0x0882,0x0882,0x0882,0x0882,0x0882,0x0882,0x0882,0x0882,
  0x0882,0x0882,0x0882,0x0882,0x0882,0x0882,0x0882,0x0882,0x0882,0x0882,0x0882,0x0882,0x0882,0x0882,0x0882,0x0882,
  0x0882,0x0882,0x0882,0x0882,0x0882,0x0882,0x0882,0x0882,0x0882,0x0882,0x0882,0xA368,0xB3E9,0xB3E9,0xB3E9,0xB3E9,
  0xB3E9,0xB3E9,0xB3E9,0xB3E9,0xB3E9,0xB3E9,0xB3E9,0xB3E9,0xB3E9,0xB3E9,0xB3E9,0xB3E9,0xB3E9,0xB3E9,0xB3E9,0xB3E9,
  0xB3E9,0xB3E9,0xB3E9,0xB3E9,0xB3E9,0xB3E9,0xB3E9,0xB3E9,0xB3E9,0xB3E9,0xB3E9,0xB3E9,0xB3E9,0xB3E9,0xB3E9,0xB3E9,
  0xB3E9,0xB3E9,0xB3E9,0xB3E9,0x20E3,0x0882,0x0882,0x0882,0x0882,0x0882,0x0882,0x0882,0x0882,0x0882,0x0882,0x0882,
  0x0882,0x0882,0x0882,0x0882,0x0882,0x0882,0x0882,0x0882,0x0882,0x0882,0x0882,0x0882,0x0882,0x0882,0x0882,0x0882,
  0x0882,0x0882,0x0882,0x0882,0x0882,0x0882,0x0882,0x0882,0x0882,0x0882,0x0882,0x0882,0x0882,0x0882,0x0882,0x0882,
  0x0882,0x0882,0x0882,0x0882,0x0882,0x0882,0x0882,0x0882,0x0882,0x0882,0x0882,0x0882,0x0882,0x0882,0x0882,0x0882,
  0x0882,0x0882,0x0882,0x0882,0x0882,0x0882,0x0882,0x0882,0x0882,0x49C5,0xB3E9,0xB3E9,0xB3E9,0xB3E9,0xB3E9,0xB3E9,
  0xB3E9,0xB3E9,0xB3E9,0xB3E9,0xB3E9,0xB3E9,0xB3E9,0xB3E9,0xB3E9,0xB3E9,0xB3E9,0xB3E9,0xB3E9,0xB3E9,0xB3E9,0xB3E9,
  0xB3E9,0xB3E9,0xB3E9,0xB3E9,0xB3E9,0xB3E9,0xB3E9,0xB3E9,0xB3E9,0xB3E9,0xB3E9,0xB3E9,0xB3E9,0xB3E9,0xB3E9,0xB3E9,
  0xB3E9,0xB3E9,0xB3E9,0x49C5,0x0882,0x0882,0x0882,0x0882,0x0882,0x0882,0x0882,0x0882,0x0882,0x0882,0x0882,0x0882,
  0x0882,0x0882,0x0882,0x0882,0x0882,0x0882,0x0882,0x0882,0x0882,0x0882,0x0882,0x0882,0x0882,0x0882,0x0882,0x0882,
  0x0882,0x0882,0x0882,0x0882,0x0882,0x0882,0x0882,0x0882,0x0882,0x0882,0x0882,0x0882,0x0882,0x0882,0x0882,0x0882,
  0x0882,0x0882,0x0882,0x0882,0x0882,0x0882,0x0882,0x0882,0x0882,0x0882,0x0882,0x0882,0x0882,0x0882,0x0882,0x0882,
  0x0882,0x0882,0x0882,0x0882,0x0882,0x0882,0x0882,0x0882,0x9347,0xB3E9,0xB3E9,0xB3E9,0xB3E9,0xB3E9,0xB3E9,0xB3E9,
  0xB3E9,0xB3E9,0xB3E9,0xB3E9,0xB3E9,0xB3E9,0xB3E9,0xB3E9,0xB3E9,0xB3E9,0xB3E9,0xB3E9,0xB3E9,0xB3E9,0xB3E9,0xB3E9,
  0xB3E9,0xB3E9,0xB3E9,0xB3E9,0xB3E9,0xB3E9,0xB3E9,0xB3E9,0xB3E9,0xB3E9,0xB3E9,0xB3E9,0xB3E9,0xB3E9,0xB3E9,0xB3E9,
  0xB3E9,0xB3E9,0x82C7,0x0882,0x0882,0x0882,0x0882,0x0882,0x0882,0x0882,0x0882,0x0882,0x0882,0x0882,0x0882,0x0882,
  0x0882,0x0882,0x0882,0x0882,0x0882,0x0882,0x0882,0x0882,0x0882,0x0882,0x0882,0x0882,0x0882,0x0882,0x0882,0x0882,
  0x0882,0x0882,0x0882,0x0882,0x0882,0x0882,0x0882,0x0882,0x0882,0x0882,0x0882,0x0882,0x0882,0x0882,0x0882,0x0882,
  0x0882,0x0882,0x0882,0x0882,0x0882,0x0882,0x0882,0x0882,0x0882,0x0882,0x0882,0x0882,0x0882,0x0882,0x0882,0x0882,
  0x0882,0x0882,0x0882,0x0882,0x0882,0x0882,0x18C2,0xB3E9,0xB3E9,0xB3E9,0xB3E9,0xB3E9,0xB3E9,0xB3E9,0xB3E9,0xB3E9,
  0xB3E9,0xB3E9,0xB3E9,0xB3E9,0xB3E9,0xB3E9,0xB3E9,0xB3E9,0xB3E9,0xB3E9,0xB3E9,0xB3E9,0xB3E9,0xB3E9,0xB3E9,0xB3E9,
  0xB3E9,0xB3E9,0xB3E9,0xB3E9,0xB3E9,0xB3E9,0xB3E9,0xB3E9,0xB3E9,0xB3E9,0xB3E9,0xB3E9,0xB3E9,0xB3E9,0xB3E9,0xB3E9,
  0xB3E9,0xABA8,0x0882,0x0882,0x0882,0x0882,0x0882,0x0882,0x0882,0x0882,0x0882,0x0882,0x0882,0x0882,0x0882,0x0882,
  0x0882,0x0882,0x0882,0x0882,0x0882,0x0882,0x0882,0x0882,0x0882,0x0882,0x0882,0x0882,0x0882,0x0882,0x0882,0x0882,
  0x0882,0x0882,0x0882,0x0882,0x0882,0x0882,0x0882,0x0882,0x0882,0x0882,0x0882,0x0882,0x0882,0x0882,0x0882,0x0882,
  0x0882,0x0882,0x0882,0x0882,0x0882,0x0882,0x0882,0x0882,0x0882,0x0882,0x0882,0x0882,0x0882,0x0882,0x0882,0x0882,
  0x0882,0x0882,0x0882,0x0882,0x0882,0x49C5,0xB3E9,0xB3E9,0xB3E9,0xB3E9,0xB3E9,0xB3E9,0xB3E9,0xB3E9,0xB3E9,0xB3E9,
  0xB3E9,0xB3E9,0xB3E9,0xB3E9,0xB3E9,0xB3E9,0xB3E9,0xB3E9,0xB3E9,0xB3E9,0xB3E9,0xB3E9,0xB3E9,0xB3E9,0xB3E9,0xB3E9,
  0xB3E9,0xB3E9,0xB3E9,0xB3E9,0xB3E9,0xB3E9,0xB3E9,0xB3E9,0xB3E9,0xB3E9,0xB3E9,0xB3E9,0xB3E9,0xB3E9,0xB3E9,0xB3E9,
  0xB3E9,0x20E3,0x0882,0x0882,0x0882,0x0882,0x0882,0x0882,0x0882,0x0882,0x0882,0x0882,0x0882,0x0882,0x0882,0x0882,
  0x0882,0x0882,0x0882,0x0882,0x0882,0x0882,0x0882,0x0882,0x0882,0x0882,0x0882,0x0882,0x0882,0x0882,0x0882,0x0882,
  0x0882,0x0882,0x0882,0x0882,0x0882,0x0882,0x0882,0x0882,0x0882,0x0882,0x0882,0x0882,0x0882,0x0882,0x0882,0x0882,
  0x0882,0x0882,0x0882,0x0882,0x0882,0x0882,0x0882,0x0882,0x0882,0x0882,0x0882,0x0882,0x0882,0x0882,0x0882,0x0882,
  0x0882,0x0882,0x0882,0x0882,0x72A6,0xB3E9,0xB3E9,0xB3E9,0xB3E9,0xB3E9,0xB3E9,0xB3E9,0xB3E9,0xB3E9,0xB3E9,0xB3E9,
  0xB3E9,0xB3E9,0xB3E9,0xB3E9,0xB3E9,0xB3E9,0xB3E9,0xB3E9,0xB3E9,0xB3E9,0xB3E9,0xB3E9,0xB3E9,0xB3E9,0xB3E9,0xB3E9,
  0xB3E9,0xB3E9,0xB3E9,0xB3E9,0xB3E9,0xB3E9,0xB3E9,0xB3E9,0xB3E9,0xB3E9,0xB3E9,0xB3E9,0xB3E9,0xB3E9,0xB3E9,0xB3E9,
  0x3964,0x0882,0x0882,0x0882,0x0882,0x0882,0x0882,0x0882,0x0882,0x0882,0x0882,0x0882,0x0882,0x0882,0x0882,0x0882,
  0x0882,0x0882,0x0882,0x0882,0x0882,0x0882,0x0882,0x0882,0x0882,0x0882,0x0882,0x0882,0x0882,0x0882,0x0882,0x0882,
  0x0882,0x0882,0x0882,0x0882,0x0882,0x0882,0x0882,0x0882,0x0882,0x0882,0x0882,0x0882,0x0882,0x0882,0x0882,0x0882,
  0x0882,0x0882,0x0882,0x0882,0x0882,0x0882,0x0882,0x0882,0x0882,0x0882,0x0882,0x0882,0x0882,0x0882,0x0882,0x0882,
  0x0882,0x0882,0x0882,0x9347,0xB3E9,0xB3E9,0xB3E9,0xB3E9,0xB3E9,0xB3E9,0xB3E9,0xB3E9,0xB3E9,0xB3E9,0xB3E9,0xB3E9,
  0xB3E9,0xB3E9,0xB3E9,0xB3E9,0xB3E9,0xB3E9,0xB3E9,0xB3E9,0xB3E9,0xB3E9,0xB3E9,0xB3E9,0xB3E9,0xB3E9,0xB3E9,0xB3E9,
  0xB3E9,0xB3E9,0xB3E9,0xB3E9,0xB3E9,0xB3E9,0xB3E9,0xB3E9,0xB3E9,0xB3E9,0xB3E9,0xB3E9,0xB3E9,0xB3E9,0xB3E9,0x49C5,
  0x0882,0x0882,0x0882,0x0882,0x0882,0x0882,0x0882,0x0882,0x0882,0x0882,0x0882,0x0882,0x0882,0x0882,0x0882,0x0882,
  0x0882,0x0882,0x0882,0x0882,0x0882,0x0882,0x0882,0x0882,0x0882,0x0882,0x0882,0x0882,0x0882,0x0882,0x0882,0x0882,
  0x0882,0x0882,0x0882,0x0882,0x0882,0x0882,0x0882,0x0882,0x0882,0x0882,0x0882,0x0882,0x0882,0x0882,0x0882,0x0882,
  0x0882,0x0882,0x0882,0x0882,0x0882,0x0882,0x0882,0x0882,0x0882,0x0882,0x0882,0x0882,0x0882,0x0882,0x0882,0x0882,
  0x0882,0x0882,0xB3E9,0xB3E9,0xB3E9,0xB3E9,0xB3E9,0xB3E9,0xB3E9,0xB3E9,0xB3E9,0xB3E9,0xB3E9,0xB3E9,0xB3E9,0xB3E9,
  0xB3E9,0xB3E9,0xB3E9,0xB3E9,0xB3E9,0xB3E9,0xB3E9,0xB3E9,0xB3E9,0xB3E9,0xB3E9,0xB3E9,0xB3E9,0xB3E9,0xB3E9,0xB3E9,
  0xB3E9,0xB3E9,0xB3E9,0xB3E9,0xB3E9,0xB3E9,0xB3E9,0xB3E9,0xB3E9,0xB3E9,0xB3E9,0xB3E9,0xB3E9,0xB3E9,0x6225,0x0882,
  0x0882,0x0882,0x0882,0x0882,0x0882,0x0882,0x0882,0x0882,0x0882,0x0882,0x0882,0x0882,0x0882,0x0882,0x0882,0x0882,
  0x0882,0x0882,0x0882,0x0882,0x0882,0x0882,0x0882,0x0882,0x0882,0x0882,0x0882,0x0882,0x0882,0x0882,0x0882,0x0882,
  0x0882,0x0882,0x0882,0x0882,0x0882,0x0882,0x0882,0x0882,0x0882,0x0882,0x0882,0x0882,0x0882,0x0882,0x0882,0x0882,
  0x0882,0x0882,0x0882,0x0882,0x0882,0x0882,0x0882,0x0882,0x0882,0x0882,0x0882,0x0882,0x0882,0x0882,0x0882,0x0882,
  0x2923,0xB3E9,0xB3E9,0xB3E9,0xB3E9,0xB3E9,0xB3E9,0xB3E9,0xB3E9,0xB3E9,0xB3E9,0xB3E9,0xB3E9,0xB3E9,0xB3E9,0xB3E9,
  0xB3E9,0xB3E9,0xB3E9,0xB3E9,0xB3E9,0xB3E9,0xB3E9,0xB3E9,0xB3E9,0xB3E9,0xB3E9,0xB3E9,0xB3E9,0xB3E9,0xB3E9,0xB3E9,
  0xB3E9,0xB3E9,0xB3E9,0xB3E9,0xB3E9,0xB3E9,0xB3E9,0xB3E9,0xB3E9,0xB3E9,0xB3E9,0xB3E9,0xB3E9,0x6225,0x0882,0x0882,
  0x0882,0x0882,0x0882,0x0882,0x0882,0x0882,0x0882,0x0882,0x0882,0x0882,0x0882,0x0882,0x0882,0x0882,0x0882,0x0882,
  0x0882,0x0882,0x0882,0x0882,0x0882,0x0882,0x0882,0x0882,0x0882,0x0882,0x0882,0x0882,0x0882,0x0882,0x0882,0x0882,
  0x0882,0x0882,0x0882,0x0882,0x0882,0x0882,0x0882,0x0882,0x0882,0x0882,0x0882,0x0882,0x0882,0x0882,0x0882,0x0882,
  0x0882,0x0882,0x0882,0x0882,0x0882,0x0882,0x0882,0x0882,0x0882,0x0882,0x0882,0x0882,0x0882,0x0882,0x2923,0x8B07,
  0xB3E9,0xB3E9,0xB3E9,0xB3E9,0xB3E9,0xB3E9,0xB3E9,0xB3E9,0xB3E9,0xB3E9,0xB3E9,0xB3E9,0xB3E9,0xB3E9,0xB3E9,0xB3E9,
  0xB3E9,0xB3E9,0xB3E9,0xB3E9,0xB3E9,0xB3E9,0xB3E9,0xB3E9,0xB3E9,0xB3E9,0xB3E9,0xB3E9,0xB3E9,0xB3E9,0xB3E9,0xB3E9,
  0xB3E9,0xB3E9,0xB3E9,0xB3E9,0xB3E9,0xB3E9,0xB3E9,0xB3E9,0xB3E9,0xB3E9,0xB3E9,0xB3E9,0x8B07,0x0882,0x0882,0x0882,
  0x0882,0x0882,0x0882,0x0882,0x0882,0x0882,0x0882,0x0882,0x0882,0x0882,0x0882,0x0882,0x0882,0x0882,0x0882,0x0882,
  0x0882,0x0882,0x0882,0x0882,0x0882,0x0882,0x0882,0x0882,0x0882,0x0882,0x0882,0x0882,0x0882,0x0882,0x0882,0x0882,
  0x0882,0x0882,0x0882,0x0882,0x0882,0x0882,0x0882,0x0882,0x0882,0x0882,0x0882,0x0882,0x0882,0x0882,0x0882,0x0882,
  0x0882,0x0882,0x0882,0x0882,0x0882,0x0882,0x0882,0x0882,0x0882,0x0882,0x0882,0x0882,0x2923,0xABA8,0xB3E9,0xB3E9,
  0xB3E9,0xB3E9,0xB3E9,0xB3E9,0xB3E9,0xB3E9,0xB3E9,0xB3E9,0xB3E9,0xB3E9,0xB3E9,0xB3E9,0xB3E9,0xB3E9,0xB3E9,0xB3E9,
  0xB3E9,0xB3E9,0xB3E9,0xB3E9,0xB3E9,0xB3E9,0xB3E9,0xB3E9,0xB3E9,0xB3E9,0xB3E9,0xB3E9,0xB3E9,0xB3E9,0xB3E9,0xB3E9,
  0xB3E9,0xB3E9,0xB3E9,0xB3E9,0xB3E9,0xB3E9,0xB3E9,0xB3E9,0xB3E9,0xB3E9,0xB3E9,0x8B07,0x0882,0x0882,0x0882,0x0882,
  0x0882,0x0882,0x0882,0x0882,0x0882,0x0882,0x0882,0x0882,0x0882,0x0882,0x0882,0x0882,0x0882,0x0882,0x0882,0x0882,
  0x0882,0x0882,0x0882,0x0882,0x0882,0x0882,0x0882,0x0882,0x0882,0x0882,0x0882,0x0882,0x0882,0x0882,0x0882,0x0882,
  0x0882,0x0882,0x0882,0x0882,0x0882,0x0882,0x0882,0x0882,0x0882,0x0882,0x0882,0x0882,0x0882,0x0882,0x0882,0x0882,
  0x0882,0x0882,0x0882,0x0882,0x0882,0x0882,0x0882,0x0882,0x0882,0x0882,0x49C5,0xB3E9,0xB3E9,0xB3E9,0xB3E9,0xB3E9,
  0xB3E9,0xB3E9,0xB3E9,0xB3E9,0xB3E9,0xB3E9,0xB3E9,0xB3E9,0xB3E9,0xB3E9,0xB3E9,0xB3E9,0xB3E9,0xB3E9,0xB3E9,0xB3E9,
  0xB3E9,0xB3E9,0xB3E9,0xB3E9,0xB3E9,0xB3E9,0xB3E9,0xB3E9,0xB3E9,0xB3E9,0xB3E9,0xB3E9,0xB3E9,0xB3E9,0xB3E9,0xB3E9,
  0xB3E9,0xB3E9,0xB3E9,0xB3E9,0xB3E9,0xB3E9,0xB3E9,0xB3E9,0xB3E9,0xB3E9,0x6225,0x0882,0x0882,0x0882,0x0882,0x0882,
  0x0882,0x0882,0x0882,0x0882,0x0882,0x0882,0x0882,0x0882,0x0882,0x0882,0x0882,0x0882,0x0882,0x0882,0x0882,0x0882,
  0x0882,0x0882,0x0882,0x0882,0x0882,0x0882,0x0882,0x0882,0x0882,0x0882,0x0882,0x0882,0x0882,0x0882,0x0882,0x0882,
  0x0882,0x0882,0x0882,0x0882,0x0882,0x0882,0x0882,0x0882,0x0882,0x0882,0x0882,0x0882,0x0882,0x0882,0x0882,0x0882,
  0x0882,0x0882,0x0882,0x0882,0x0882,0x0882,0x0882,0x0882,0x49C5,0xB3E9,0xB3E9,0xB3E9,0xB3E9,0xB3E9,0xB3E9,0xB3E9,
  0xB3E9,0xB3E9,0xB3E9,0xB3E9,0xB3E9,0xB3E9,0xB3E9,0xB3E9,0xB3E9,0xB3E9,0xB3E9,0xB3E9,0xB3E9,0xB3E9,0xB3E9,0xB3E9,
  0xB3E9,0xB3E9,0xB3E9,0xB3E9,0xB3E9,0xB3E9,0xB3E9,0xB3E9,0xB3E9,0xB3E9,0xB3E9,0xB3E9,0xB3E9,0xB3E9,0xB3E9,0xB3E9,
  0xB3E9,0xB3E9,0xB3E9,0xB3E9,0xB3E9,0xB3E9,0xB3E9,0xB3E9,0xB3E9,0xB3E9,0x49C5,0x0882,0x0882,0x0882,0x0882,0x0882,
  0x0882,0x0882,0x0882,0x0882,0x0882,0x0882,0x0882,0x0882,0x0882,0x0882,0x0882,0x0882,0x0882,0x0882,0x0882,0x0882,
  0x0882,0x0882,0x0882,0x0882,0x0882,0x0882,0x0882,0x0882,0x0882,0x0882,0x0882,0x0882,0x0882,0x0882,0x0882,0x0882,
  0x0882,0x0882,0x0882,0x0882,0x0882,0x0882,0x0882,0x0882,0x0882,0x0882,0x0882,0x0882,0x0882,0x0882,0x0882,0x0882,
  0x0882,0x0882,0x0882,0x0882,0x0882,0x0882,0x49C5,0xB3E9,0xB3E9,0xB3E9,0xB3E9,0xB3E9,0xB3E9,0xB3E9,0xB3E9,0xB3E9,
  0xB3E9,0xB3E9,0xB3E9,0xB3E9,0xB3E9,0xB3E9,0xB3E9,0xB3E9,0xB3E9,0xB3E9,0xB3E9,0xB3E9,0xB3E9,0xB3E9,0xB3E9,0xB3E9,
  0xB3E9,0xB3E9,0xB3E9,0xB3E9,0xB3E9,0xB3E9,0xB3E9,0xB3E9,0xB3E9,0xB3E9,0xB3E9,0xB3E9,0xB3E9,0xB3E9,0xB3E9,0xB3E9,
  0xB3E9,0xB3E9,0xB3E9,0xB3E9,0xB3E9,0xB3E9,0xB3E9,0xB3E9,0xB3E9,0xB3E9,0x6A66,0x0882,0x0882,0x0882,0x0882,0x0882,
  0x0882,0x0882,0x0882,0x0882,0x0882,0x0882,0x0882,0x0882,0x0882,0x0882,0x0882,0x0882,0x0882,0x0882,0x0882,0x0882,
  0x0882,0x0882,0x0882,0x0882,0x0882,0x0882,0x0882,0x0882,0x0882,0x0882,0x0882,0x0882,0x0882,0x0882,0x0882,0x0882,
  0x0882,0x0882,0x0882,0x0882,0x0882,0x0882,0x0882,0x0882,0x0882,0x0882,0x0882,0x0882,0x0882,0x0882,0x0882,0x0882,
  0x0882,0x0882,0x0882,0x0882,0x3964,0xB3E9,0xB3E9,0xB3E9,0xB3E9,0xB3E9,0xB3E9,0xB3E9,0xB3E9,0xB3E9,0xB3E9,0xB3E9,
  0xB3E9,0xB3E9,0xB3E9,0xB3E9,0xB3E9,0xB3E9,0xB3E9,0xB3E9,0xB3E9,0xB3E9,0xB3E9,0xB3E9,0xB3E9,0xB3E9,0xB3E9,0xB3E9,
  0xB3E9,0xB3E9,0xB3E9,0xB3E9,0xB3E9,0xB3E9,0xB3E9,0xB3E9,0xB3E9,0xB3E9,0xB3E9,0xB3E9,0xB3E9,0xB3E9,0xB3E9,0xB3E9,
  0xB3E9,0xB3E9,0xB3E9,0xB3E9,0xB3E9,0xB3E9,0xB3E9,0xB3E9,0xB3E9,0xB3E9,0x72A6,0x0882,0x0882,0x0882,0x0882,0x0882,
  0x0882,0x0882,0x0882,0x0882,0x0882,0x0882,0x0882,0x0882,0x0882,0x0882,0x0882,0x0882,0x0882,0x0882,0x0882,0x0882,
  0x0882,0x0882,0x0882,0x0882,0x0882,0x0882,0x0882,0x0882,0x0882,0x0882,0x0882,0x0882,0x0882,0x0882,0x0882,0x0882,
  0x0882,0x0882,0x0882,0x0882,0x0882,0x0882,0x0882,0x0882,0x0882,0x0882,0x0882,0x0882,0x0882,0x0882,0x0882,0x0882,
  0x0882,0x0882,0x0882,0xA368,0xB3E9,0xB3E9,0xB3E9,0xB3E9,0xB3E9,0xB3E9,0xB3E9,0xB3E9,0xB3E9,0xB3E9,0xB3E9,0xB3E9,
  0xB3E9,0xB3E9,0xB3E9,0xB3E9,0xB3E9,0xB3E9,0xB3E9,0xB3E9,0xB3E9,0xB3E9,0xB3E9,0xB3E9,0xB3E9,0xB3E9,0xB3E9,0xB3E9,
  0xB3E9,0xB3E9,0xB3E9,0xB3E9,0xB3E9,0xB3E9,0xB3E9,0xB3E9,0xB3E9,0xB3E9,0xB3E9,0xB3E9,0xB3E9,0xB3E9,0xB3E9,0xB3E9,
  0xB3E9,0xB3E9,0xB3E9,0xB3E9,0xB3E9,0xB3E9,0xB3E9,0xB3E9,0xB3E9,0xB3E9,0x72A6,0x0882,0x0882,0x0882,0x0882,0x0882,
  0x0882,0x0882,0x0882,0x0882,0x0882,0x0882,0x0882,0x0882,0x0882,0x0882,0x0882,0x0882,0x0882,0x0882,0x0882,0x0882,
  0x0882,0x0882,0x0882,0x0882,0x0882,0x0882,0x0882,0x0882,0x0882,0x0882,0x0882,0x0882,0x0882,0x0882,0x0882,0x0882,
  0x0882,0x0882,0x0882,0x0882,0x0882,0x0882,0x0882,0x0882,0x0882,0x0882,0x0882,0x0882,0x0882,0x0882,0x0882,0x0882,
  0x0882,0x72A6,0xB3E9,0xB3E9,0xB3E9,0xB3E9,0xB3E9,0xB3E9,0xB3E9,0xB3E9,0xB3E9,0xB3E9,0xB3E9,0xB3E9,0xB3E9,0xB3E9,
  0xB3E9,0xB3E9,0xB3E9,0xB3E9,0xB3E9,0xB3E9,0xB3E9,0xB3E9,0xB3E9,0xB3E9,0xB3E9,0xB3E9,0xB3E9,0xB3E9,0xB3E9,0xB3E9,
  0xB3E9,0xB3E9,0xB3E9,0xB3E9,0xB3E9,0xB3E9,0xB3E9,0xB3E9,0xB3E9,0xB3E9,0xB3E9,0xB3E9,0xB3E9,0xB3E9,0xB3E9,0xB3E9,
  0xB3E9,0xB3E9,0xB3E9,0xB3E9,0xB3E9,0xB3E9,0xB3E9,0xB3E9,0xB3E9,0xB3E9,0x6A66,0x0882,0x0882,0x0882,0x0882,0x0882,
  0x0882,0x0882,0x0882,0x0882,0x0882,0x0882,0x0882,0x0882,0x0882,0x0882,0x0882,0x0882,0x0882,0x0882,0x0882,0x0882,
  0x0882,0x0882,0x0882,0x0882,0x0882,0x0882,0x0882,0x0882,0x0882,0x0882,0x0882,0x0882,0x0882,0x0882,0x0882,0x0882,
  0x0882,0x0882,0x0882,0x0882,0x0882,0x0882,0x0882,0x0882,0x0882,0x0882,0x0882,0x0882,0x0882,0x0882,0x0882,0x20E3,
  0xB3E9,0xB3E9,0xB3E9,0xB3E9,0xB3E9,0xB3E9,0xB3E9,0xB3E9,0xB3E9,0xB3E9,0xB3E9,0xB3E9,0xB3E9,0xB3E9,0xB3E9,0xB3E9,
  0xB3E9,0xB3E9,0xB3E9,0xB3E9,0xB3E9,0xB3E9,0xB3E9,0xB3E9,0xB3E9,0xB3E9,0xB3E9,0xB3E9,0xB3E9,0xB3E9,0xB3E9,0xB3E9,
  0xB3E9,0xB3E9,0xB3E9,0xB3E9,0xB3E9,0xB3E9,0xB3E9,0xB3E9,0xB3E9,0xB3E9,0xB3E9,0xB3E9,0xB3E9,0xB3E9,0xB3E9,0xB3E9,
  0xB3E9,0xB3E9,0xB3E9,0xB3E9,0xB3E9,0xB3E9,0xB3E9,0xB3E9,0xB3E9,0xB3E9,0x4184,0x0882,0x0882,0x0882,0x0882,0x0882,
  0x0882,0x0882,0x0882,0x0882,0x0882,0x0882,0x0882,0x0882,0x0882,0x0882,0x0882,0x0882,0x0882,0x0882,0x0882,0x0882,
  0x0882,0x0882,0x0882,0x0882,0x0882,0x0882,0x0882,0x0882,0x0882,0x0882,0x0882,0x0882,0x0882,0x0882,0x0882,0x0882,
  0x0882,0x0882,0x0882,0x0882,0x0882,0x0882,0x0882,0x0882,0x0882,0x0882,0x0882,0x0882,0x0882,0x0882,0x5205,0xB3E9,
  0xB3E9,0xB3E9,0xB3E9,0xB3E9,0xB3E9,0xB3E9,0xB3E9,0xB3E9,0xB3E9,0xB3E9,0xB3E9,0xB3E9,0xB3E9,0xB3E9,0xB3E9,0xB3E9,
  0xB3E9,0xB3E9,0xB3E9,0xB3E9,0xB3E9,0xB3E9,0xB3E9,0xB3E9,0xB3E9,0xB3E9,0xB3E9,0xB3E9,0xB3E9,0xB3E9,0xB3E9,0xB3E9,
  0xB3E9,0xB3E9,0xB3E9,0xB3E9,0xB3E9,0xB3E9,0xB3E9,0xB3E9,0xB3E9,0xB3E9,0xB3E9,0xB3E9,0xB3E9,0xB3E9,0xB3E9,0xB3E9,
  0xB3E9,0xB3E9,0xB3E9,0xB3E9,0xB3E9,0xB3E9,0xB3E9,0xB3E9,0xB3E9,0xABA8,0x20E3,0x0882,0x0882,0x0882,0x0882,0x0882,
  0x0882,0x0882,0x0882,0x0882,0x0882,0x0882,0x0882,0x0882,0x0882,0x0882,0x0882,0x0882,0x0882,0x0882,0x0882,0x0882,
  0x0882,0x0882,0x0882,0x0882,0x0882,0x0882,0x0882,0x0882,0x0882,0x0882,0x0882,0x0882,0x0882,0x0882,0x0882,0x0882,
  0x0882,0x0882,0x0882,0x0882,0x0882,0x0882,0x0882,0x0882,0x0882,0x0882,0x0882,0x0882,0x0882,0x8B07,0xB3E9,0xB3E9,
  0xB3E9,0xB3E9,0xB3E9,0xB3E9,0xB3E9,0xB3E9,0xB3E9,0xB3E9,0xB3E9,0xB3E9,0xB3E9,0xB3E9,0xB3E9,0xB3E9,0xB3E9,0xB3E9,
  0xB3E9,0xB3E9,0xB3E9,0xB3E9,0xB3E9,0xB3E9,0xB3E9,0xB3E9,0xB3E9,0xB3E9,0xB3E9,0xB3E9,0xB3E9,0xB3E9,0xB3E9,0xB3E9,
  0xB3E9,0xB3E9,0xB3E9,0xB3E9,0xB3E9,0xB3E9,0xB3E9,0xB3E9,0xB3E9,0xB3E9,0xB3E9,0xB3E9,0xB3E9,0xB3E9,0xB3E9,0xB3E9,
  0xB3E9,0xB3E9,0xB3E9,0xB3E9,0xB3E9,0xB3E9,0xB3E9,0xB3E9,0xB3E9,0x8B07,0x0882,0x0882,0x0882,0x0882,0x0882,0x0882,
  0x0882,0x0882,0x0882,0x0882,0x0882,0x0882,0x0882,0x0882,0x0882,0x0882,0x0882,0x0882,0x0882,0x0882,0x0882,0x0882,
  0x0882,0x0882,0x0882,0x0882,0x0882,0x0882,0x0882,0x0882,0x0882,0x0882,0x0882,0x0882,0x0882,0x0882,0x0882,0x0882,
  0x0882,0x0882,0x0882,0x0882,0x0882,0x0882,0x0882,0x0882,0x0882,0x0882,0x0882,0x0882,0x8B07,0xB3E9,0xB3E9,0xB3E9,
  0xB3E9,0xB3E9,0xB3E9,0xB3E9,0xB3E9,0xB3E9,0xB3E9,0xB3E9,0xB3E9,0xB3E9,0xB3E9,0xB3E9,0xB3E9,0xB3E9,0xB3E9,0xB3E9,
  0xB3E9,0xB3E9,0xB3E9,0xB3E9,0xB3E9,0xB3E9,0xB3E9,0xB3E9,0xB3E9,0xB3E9,0xB3E9,0xB3E9,0xB3E9,0xB3E9,0xB3E9,0xB3E9,
  0xB3E9,0xB3E9,0xB3E9,0xB3E9,0xB3E9,0xB3E9,0xB3E9,0xB3E9,0xB3E9,0xB3E9,0xB3E9,0xB3E9,0xB3E9,0xB3E9,0xB3E9,0xB3E9,
  0xB3E9,0xB3E9,0xB3E9,0xB3E9,0xB3E9,0xB3E9,0xB3E9,0xB3E9,0xB3E9,0x49C5,0x0882,0x0882,0x0882,0x0882,0x0882,0x0882,
  0x0882,0x0882,0x0882,0x0882,0x0882,0x0882,0x0882,0x0882,0x0882,0x0882,0x0882,0x0882,0x0882,0x0882,0x0882,0x0882,
  0x0882,0x0882,0x0882,0x0882,0x0882,0x0882,0x0882,0x0882,0x0882,0x0882,0x0882,0x0882,0x0882,0x0882,0x0882,0x0882,
  0x0882,0x0882,0x0882,0x0882,0x0882,0x0882,0x0882,0x0882,0x0882,0x0882,0x0882,0x6A66,0xB3E9,0xB3E9,0xB3E9,0xB3E9,
  0xB3E9,0xB3E9,0xB3E9,0xB3E9,0xB3E9,0xB3E9,0xB3E9,0xB3E9,0xB3E9,0xB3E9,0xB3E9,0xB3E9,0xB3E9,0xB3E9,0xB3E9,0xB3E9,
  0xB3E9,0xB3E9,0xB3E9,0xB3E9,0xB3E9,0xB3E9,0xB3E9,0xB3E9,0xB3E9,0xB3E9,0xB3E9,0xB3E9,0xB3E9,0xB3E9,0xB3E9,0xB3E9,
  0xB3E9,0xB3E9,0xB3E9,0xB3E9,0xB3E9,0xB3E9,0xB3E9,0xB3E9,0xB3E9,0xB3E9,0xB3E9,0xB3E9,0xB3E9,0xB3E9,0xB3E9,0xB3E9,
  0xB3E9,0xB3E9,0xB3E9,0xB3E9,0xB3E9,0xB3E9,0xB3E9,0xB3E9,0xABA8,0x18C2,0x0882,0x0882,0x0882,0x0882,0x0882,0x0882,
  0x0882,0x0882,0x0882,0x0882,0x0882,0x0882,0x0882,0x0882,0x0882,0x0882,0x0882,0x0882,0x0882,0x0882,0x0882,0x0882,
  0x0882,0x0882,0x0882,0x0882,0x0882,0x0882,0x0882,0x0882,0x0882,0x0882,0x0882,0x0882,0x0882,0x0882,0x0882,0x0882,
  0x0882,0x0882,0x0882,0x0882,0x0882,0x0882,0x0882,0x0882,0x0882,0x0882,0x0882,0x82C7,0xB3E9,0xB3E9,0xB3E9,0xB3E9,
  0xABA8,0x82C7,0x6225,0x20E3,0x82C7,0xB3E9,0xB3E9,0xB3E9,0xB3E9,0xB3E9,0xB3E9,0xB3E9,0xB3E9,0xB3E9,0xB3E9,0xB3E9,
  0xB3E9,0xB3E9,0xB3E9,0xB3E9,0xB3E9,0xB3E9,0xB3E9,0xB3E9,0xB3E9,0xB3E9,0xB3E9,0xB3E9,0xB3E9,0xB3E9,0xB3E9,0xB3E9,
  0xB3E9,0xB3E9,0xB3E9,0xB3E9,0xB3E9,0xB3E9,0xB3E9,0xB3E9,0xB3E9,0xB3E9,0xB3E9,0xB3E9,0xB3E9,0xB3E9,0xB3E9,0xB3E9,
  0xB3E9,0xB3E9,0xB3E9,0xB3E9,0xB3E9,0xB3E9,0xB3E9,0xB3E9,0x72A6,0x0882,0x0882,0x0882,0x0882,0x0882,0x0882,0x0882,
  0x0882,0x0882,0x0882,0x0882,0x0882,0x0882,0x0882,0x0882,0x0882,0x0882,0x0882,0x0882,0x0882,0x0882,0x0882,0x0882,
  0x0882,0x0882,0x0882,0x0882,0x0882,0x0882,0x0882,0x0882,0x0882,0x0882,0x0882,0x0882,0x0882,0x0882,0x0882,0x0882,
  0x0882,0x0882,0x0882,0x0882,0x0882,0x0882,0x0882,0x0882,0x0882,0x0882,0x0882,0x3964,0x49C5,0x5205,0x2923,0x0882,
  0x0882,0x0882,0x0882,0x4184,0xB3E9,0xB3E9,0xB3E9,0xB3E9,0xB3E9,0xB3E9,0xB3E9,0xB3E9,0xB3E9,0xB3E9,0xB3E9,0xB3E9,
  0xB3E9,0xB3E9,0xB3E9,0xB3E9,0xB3E9,0xB3E9,0xB3E9,0xB3E9,0xB3E9,0xB3E9,0xB3E9,0xB3E9,0xB3E9,0xB3E9,0xB3E9,0xB3E9,
  0xB3E9,0xB3E9,0xB3E9,0xB3E9,0xB3E9,0xB3E9,0xB3E9,0xB3E9,0xB3E9,0xB3E9,0xB3E9,0xB3E9,0xB3E9,0xB3E9,0xB3E9,0xB3E9,
  0xB3E9,0xB3E9,0xB3E9,0xB3E9,0xB3E9,0xB3E9,0xB3E9,0xB3E9,0x20E3,0x0882,0x0882,0x0882,0x0882,0x0882,0x0882,0x0882,
  0x0882,0x0882,0x0882,0x0882,0x0882,0x0882,0x0882,0x0882,0x0882,0x0882,0x0882,0x0882,0x0882,0x0882,0x0882,0x0882,
  0x0882,0x0882,0x0882,0x0882,0x0882,0x0882,0x0882,0x0882,0x0882,0x0882,0x0882,0x0882,0x0882,0x0882,0x0882,0x0882,
  0x0882,0x0882,0x0882,0x0882,0x0882,0x0882,0x0882,0x0882,0x0882,0x0882,0x0882,0x0882,0x0882,0x0882,0x0882,0x0882,
  0x0882,0x0882,0x20E3,0xB3E9,0xB3E9,0xB3E9,0xB3E9,0xB3E9,0xB3E9,0xB3E9,0xB3E9,0xB3E9,0xB3E9,0xB3E9,0xB3E9,0xB3E9,
  0xB3E9,0xB3E9,0xB3E9,0xB3E9,0xB3E9,0xB3E9,0xB3E9,0xB3E9,0xB3E9,0xB3E9,0xB3E9,0xB3E9,0xB3E9,0xB3E9,0xB3E9,0xB3E9,
  0xB3E9,0xB3E9,0xB3E9,0xB3E9,0xB3E9,0xB3E9,0xB3E9,0xB3E9,0xB3E9,0xB3E9,0xB3E9,0xB3E9,0xB3E9,0xB3E9,0xB3E9,0xB3E9,
  0xB3E9,0xB3E9,0xB3E9,0xB3E9,0xB3E9,0xB3E9,0xB3E9,0x72A6,0x0882,0x0882,0x0882,0x0882,0x0882,0x0882,0x0882,0x0882,
  0x0882,0x0882,0x0882,0x0882,0x0882,0x0882,0x0882,0x0882,0x0882,0x0882,0x0882,0x0882,0x0882,0x0882,0x0882,0x0882,
  0x0882,0x0882,0x0882,0x0882,0x0882,0x0882,0x0882,0x0882,0x0882,0x0882,0x0882,0x0882,0x0882,0x0882,0x0882,0x0882,
  0x0882,0x0882,0x0882,0x0882,0x0882,0x0882,0x0882,0x0882,0x0882,0x0882,0x0882,0x0882,0x0882,0x0882,0x0882,0x0882,
  0x0882,0x72A6,0xB3E9,0xB3E9,0xB3E9,0xB3E9,0xB3E9,0xB3E9,0xB3E9,0xB3E9,0xB3E9,0xB3E9,0xB3E9,0xB3E9,0xB3E9,0xB3E9,
  0xB3E9,0xB3E9,0xB3E9,0xB3E9,0xB3E9,0xB3E9,0xB3E9,0xB3E9,0xB3E9,0xB3E9,0xB3E9,0xB3E9,0xB3E9,0xB3E9,0xB3E9,0xB3E9,
  0xB3E9,0xB3E9,0xB3E9,0xB3E9,0xB3E9,0xB3E9,0xB3E9,0xB3E9,0xB3E9,0xB3E9,0xB3E9,0xB3E9,0xB3E9,0xB3E9,0xB3E9,0xB3E9,
  0xB3E9,0xB3E9,0xB3E9,0xB3E9,0xB3E9,0xB3E9,0xB3E9,0x20E3,0x0882,0x0882,0x0882,0x0882,0x0882,0x0882,0x0882,0x0882,
  0x0882,0x0882,0x0882,0x0882,0x0882,0x0882,0x0882,0x0882,0x0882,0x0882,0x0882,0x0882,0x0882,0x0882,0x0882,0x0882,
  0x0882,0x0882,0x0882,0x0882,0x0882,0x0882,0x0882,0x0882,0x0882,0x0882,0x0882,0x0882,0x0882,0x0882,0x0882,0x0882,
  0x0882,0x0882,0x0882,0x0882,0x0882,0x0882,0x0882,0x0882,0x0882,0x0882,0x0882,0x0882,0x0882,0x0882,0x0882,0x0882,
  0xABA8,0xB3E9,0xB3E9,0xB3E9,0xB3E9,0xB3E9,0xB3E9,0xB3E9,0xB3E9,0xB3E9,0xB3E9,0xB3E9,0xB3E9,0xB3E9,0xB3E9,0xB3E9,
  0xB3E9,0xB3E9,0xB3E9,0xB3E9,0xB3E9,0xB3E9,0xB3E9,0xB3E9,0xB3E9,0xB3E9,0xB3E9,0xB3E9,0xB3E9,0xB3E9,0xB3E9,0xB3E9,
  0xB3E9,0xB3E9,0xB3E9,0xB3E9,0xB3E9,0xB3E9,0xB3E9,0xB3E9,0xB3E9,0xB3E9,0xB3E9,0xB3E9,0xB3E9,0xB3E9,0xB3E9,0xB3E9,
  0xB3E9,0xB3E9,0xB3E9,0xB3E9,0xB3E9,0xB3E9,0x5205,0x0882,0x0882,0x0882,0x0882,0x0882,0x0882,0x0882,0x0882,0x0882,
  0x0882,0x0882,0x0882,0x0882,0x0882,0x0882,0x0882,0x0882,0x0882,0x0882,0x0882,0x0882,0x0882,0x0882,0x0882,0x0882,
  0x0882,0x0882,0x0882,0x0882,0x0882,0x0882,0x0882,0x0882,0x0882,0x0882,0x0882,0x0882,0x0882,0x0882,0x0882,0x0882,
  0x0882,0x0882,0x0882,0x0882,0x0882,0x0882,0x0882,0x0882,0x0882,0x0882,0x0882,0x0882,0x0882,0x0882,0x49C5,0xB3E9,
  0xB3E9,0xB3E9,0xB3E9,0xB3E9,0xB3E9,0xB3E9,0xB3E9,0xB3E9,0xB3E9,0xB3E9,0xB3E9,0xB3E9,0xB3E9,0xB3E9,0xB3E9,0xB3E9,
  0xB3E9,0xB3E9,0xB3E9,0xB3E9,0xB3E9,0xB3E9,0xB3E9,0xB3E9,0xB3E9,0xB3E9,0xB3E9,0xB3E9,0xB3E9,0xB3E9,0xB3E9,0xB3E9,
  0xB3E9,0xB3E9,0xB3E9,0xB3E9,0xB3E9,0xB3E9,0xB3E9,0xB3E9,0xB3E9,0xB3E9,0xB3E9,0xB3E9,0xB3E9,0xB3E9,0xB3E9,0xB3E9,
  0xB3E9,0xB3E9,0xB3E9,0xB3E9,0xB3E9,0xA368,0x0882,0x0882,0x0882,0x0882,0x0882,0x0882,0x0882,0x0882,0x0882,0x0882,
  0x0882,0x0882,0x0882,0x0882,0x0882,0x0882,0x0882,0x0882,0x0882,0x0882,0x0882,0x0882,0x0882,0x0882,0x0882,0x0882,
  0x0882,0x0882,0x0882,0x0882,0x0882,0x0882,0x0882,0x0882,0x0882,0x0882,0x0882,0x0882,0x0882,0x0882,0x0882,0x0882,
  0x0882,0x0882,0x0882,0x0882,0x0882,0x0882,0x0882,0x0882,0x0882,0x0882,0x0882,0x0882,0x0882,0x72A6,0xB3E9,0xB3E9,
  0xB3E9,0xB3E9,0xB3E9,0xB3E9,0xB3E9,0xB3E9,0xB3E9,0xB3E9,0xB3E9,0xB3E9,0xB3E9,0xB3E9,0xB3E9,0xB3E9,0xB3E9,0xB3E9,
  0xB3E9,0xB3E9,0xB3E9,0xB3E9,0xB3E9,0xB3E9,0xB3E9,0xB3E9,0xB3E9,0xB3E9,0xB3E9,0xB3E9,0xB3E9,0xB3E9,0xB3E9,0xB3E9,
  0xB3E9,0xB3E9,0xB3E9,0xB3E9,0xB3E9,0xB3E9,0xB3E9,0xB3E9,0xB3E9,0xB3E9,0xB3E9,0xB3E9,0xB3E9,0xB3E9,0xB3E9,0xB3E9,
  0xB3E9,0xB3E9,0xB3E9,0xB3E9,0xB3E9,0x2923,0x0882,0x0882,0x0882,0x0882,0x0882,0x0882,0x0882,0x0882,0x0882,0x0882,
  0x0882,0x0882,0x0882,0x0882,0x0882,0x0882,0x0882,0x0882,0x0882,0x0882,0x0882,0x0882,0x0882,0x0882,0x0882,0x0882,
  0x0882,0x0882,0x0882,0x0882,0x0882,0x0882,0x0882,0x0882,0x0882,0x0882,0x0882,0x0882,0x0882,0x0882,0x0882,0x0882,
  0x0882,0x0882,0x0882,0x0882,0x0882,0x0882,0x0882,0x0882,0x0882,0x0882,0x0882,0x0882,0xA368,0xB3E9,0xB3E9,0xB3E9,
  0xB3E9,0xB3E9,0xB3E9,0xB3E9,0xB3E9,0xB3E9,0xB3E9,0xB3E9,0xB3E9,0xB3E9,0xB3E9,0xB3E9,0xB3E9,0xB3E9,0xB3E9,0xB3E9,
  0xB3E9,0xB3E9,0xB3E9,0xB3E9,0xB3E9,0xB3E9,0xB3E9,0xB3E9,0xB3E9,0xB3E9,0xB3E9,0xB3E9,0xB3E9,0xB3E9,0xB3E9,0xB3E9,
  0xB3E9,0xB3E9,0xB3E9,0xB3E9,0xB3E9,0xB3E9,0xB3E9,0xB3E9,0xB3E9,0xB3E9,0xB3E9,0xB3E9,0xB3E9,0xB3E9,0xB3E9,0xB3E9,
  0xB3E9,0xB3E9,0xB3E9,0xB3E9,0x6A66,0x0882,0x0882,0x0882,0x0882,0x0882,0x0882,0x0882,0x0882,0x0882,0x0882,0x0882,
  0x0882,0x0882,0x0882,0x0882,0x0882,0x0882,0x0882,0x0882,0x0882,0x0882,0x0882,0x0882,0x0882,0x0882,0x0882,0x0882,
  0x0882,0x0882,0x0882,0x0882,0x0882,0x0882,0x0882,0x0882,0x0882,0x0882,0x0882,0x0882,0x0882,0x0882,0x0882,0x0882,
  0x0882,0x0882,0x0882,0x0882,0x0882,0x0882,0x0882,0x0882,0x0882,0x0882,0x20E3,0xB3E9,0xB3E9,0xB3E9,0xB3E9,0xB3E9,
  0xB3E9,0xB3E9,0xB3E9,0xB3E9,0xB3E9,0xB3E9,0xB3E9,0xB3E9,0xB3E9,0xB3E9,0xB3E9,0xB3E9,0xB3E9,0xB3E9,0xB3E9,0xB3E9,
  0xB3E9,0xB3E9,0xB3E9,0xB3E9,0xB3E9,0xB3E9,0xB3E9,0xB3E9,0xB3E9,0xB3E9,0xB3E9,0xB3E9,0xB3E9,0xB3E9,0xB3E9,0xB3E9,
  0xB3E9,0xB3E9,0xB3E9,0xB3E9,0xB3E9,0xB3E9,0xB3E9,0xB3E9,0xB3E9,0xB3E9,0xB3E9,0xB3E9,0xB3E9,0xB3E9,0xB3E9,0xB3E9,
  0xB3E9,0xB3E9,0xB3E9,0xA368,0x0882,0x0882,0x0882,0x0882,0x0882,0x0882,0x0882,0x0882,0x0882,0x0882,0x0882,0x0882,
  0x0882,0x0882,0x0882,0x0882,0x0882,0x0882,0x0882,0x0882,0x0882,0x0882,0x0882,0x0882,0x0882,0x0882,0x0882,0x0882,
  0x0882,0x0882,0x0882,0x0882,0x0882,0x0882,0x0882,0x0882,0x0882,0x0882,0x0882,0x0882,0x0882,0x0882,0x0882,0x0882,
  0x0882,0x0882,0x0882,0x0882,0x0882,0x0882,0x0882,0x0882,0x0882,0x49C5,0xB3E9,0xB3E9,0xB3E9,0xB3E9,0xB3E9,0xB3E9,
  0xB3E9,0xB3E9,0xB3E9,0xB3E9,0xB3E9,0xB3E9,0xB3E9,0xB3E9,0xB3E9,0xB3E9,0xB3E9,0xB3E9,0xB3E9,0xB3E9,0xB3E9,0xB3E9,
  0xB3E9,0xB3E9,0xB3E9,0xB3E9,0xB3E9,0xB3E9,0xB3E9,0xB3E9,0xB3E9,0xB3E9,0xB3E9,0xB3E9,0xB3E9,0xB3E9,0xB3E9,0xB3E9,
  0xB3E9,0xB3E9,0xB3E9,0xB3E9,0xB3E9,0xB3E9,0xB3E9,0xB3E9,0xB3E9,0xB3E9,0xB3E9,0xB3E9,0xB3E9,0xB3E9,0xB3E9,0xB3E9,
  0xB3E9,0xB3E9,0xB3E9,0x18C2,0x0882,0x0882,0x0882,0x0882,0x0882,0x0882,0x0882,0x0882,0x0882,0x0882,0x0882,0x0882,
  0x0882,0x0882,0x0882,0x0882,0x0882,0x0882,0x0882,0x0882,0x0882,0x0882,0x0882,0x0882,0x0882,0x0882,0x0882,0x0882,
  0x0882,0x0882,0x0882,0x0882,0x0882,0x0882,0x0882,0x0882,0x0882,0x0882,0x0882,0x0882,0x0882,0x0882,0x0882,0x0882,
  0x0882,0x0882,0x0882,0x0882,0x0882,0x0882,0x0882,0x0882,0x6A66,0xB3E9,0xB3E9,0xB3E9,0xB3E9,0xB3E9,0xB3E9,0xB3E9,
  0xB3E9,0xB3E9,0xB3E9,0xB3E9,0xB3E9,0xB3E9,0xB3E9,0xB3E9,0xB3E9,0xB3E9,0xB3E9,0xB3E9,0xB3E9,0xB3E9,0xB3E9,0xB3E9,
  0xB3E9,0xB3E9,0xB3E9,0xB3E9,0xB3E9,0xB3E9,0xB3E9,0xB3E9,0xB3E9,0xB3E9,0xB3E9,0xB3E9,0xB3E9,0xB3E9,0xB3E9,0xB3E9,
  0xB3E9,0xB3E9,0xB3E9,0xB3E9,0xB3E9,0xB3E9,0xB3E9,0xB3E9,0xB3E9,0xB3E9,0xB3E9,0xB3E9,0xB3E9,0xB3E9,0xB3E9,0xB3E9,
  0xB3E9,0xB3E9,0x3964,0x0882,0x0882,0x0882,0x0882,0x0882,0x0882,0x0882,0x0882,0x0882,0x0882,0x0882,0x0882,0x0882,
  0x0882,0x0882,0x0882,0x0882,0x0882,0x0882,0x0882,0x0882,0x0882,0x0882,0x0882,0x0882,0x0882,0x0882,0x0882,0x0882,
  0x0882,0x0882,0x0882,0x0882,0x0882,0x0882,0x0882,0x0882,0x0882,0x0882,0x0882,0x0882,0x0882,0x0882,0x0882,0x0882,
  0x0882,0x0882,0x0882,0x0882,0x0882,0x0882,0x0882,0x9347,0xB3E9,0xB3E9,0xB3E9,0xB3E9,0xB3E9,0xB3E9,0xB3E9,0xB3E9,
  0xB3E9,0xB3E9,0xB3E9,0xB3E9,0xB3E9,0xB3E9,0xB3E9,0xB3E9,0xB3E9,0xB3E9,0xB3E9,0xB3E9,0xB3E9,0xB3E9,0xB3E9,0xB3E9,
  0xB3E9,0xB3E9,0xB3E9,0xB3E9,0xB3E9,0xB3E9,0xB3E9,0xB3E9,0xB3E9,0xB3E9,0xB3E9,0xB3E9,0xB3E9,0xB3E9,0xB3E9,0xB3E9,
  0xB3E9,0xB3E9,0xB3E9,0xB3E9,0xB3E9,0xB3E9,0xB3E9,0xB3E9,0xB3E9,0xB3E9,0xB3E9,0xB3E9,0xB3E9,0xB3E9,0xB3E9,0xB3E9,
  0xB3E9,0x49C5,0x0882,0x0882,0x0882,0x0882,0x0882,0x0882,0x0882,0x0882,0x0882,0x0882,0x0882,0x0882,0x0882,0x0882,
  0x0882,0x0882,0x0882,0x0882,0x0882,0x0882,0x0882,0x0882,0x0882,0x0882,0x0882,0x0882,0x0882,0x0882,0x0882,0x0882,
  0x0882,0x0882,0x0882,0x0882,0x0882,0x0882,0x0882,0x0882,0x0882,0x0882,0x0882,0x0882,0x0882,0x0882,0x0882,0x0882,
  0x0882,0x0882,0x0882,0x0882,0x0882,0x0882,0xB3E9,0xB3E9,0xB3E9,0xB3E9,0xB3E9,0xB3E9,0xB3E9,0xB3E9,0xB3E9,0xB3E9,
  0xB3E9,0xB3E9,0xB3E9,0xB3E9,0xB3E9,0xB3E9,0xB3E9,0xB3E9,0xB3E9,0xB3E9,0xB3E9,0xB3E9,0xB3E9,0xB3E9,0xB3E9,0xB3E9,
  0xB3E9,0xB3E9,0xB3E9,0xB3E9,0xB3E9,0xB3E9,0xB3E9,0xB3E9,0xB3E9,0xB3E9,0xB3E9,0xB3E9,0xB3E9,0xB3E9,0xB3E9,0xB3E9,
  0xB3E9,0xB3E9,0xB3E9,0xB3E9,0xB3E9,0xB3E9,0xB3E9,0xB3E9,0xB3E9,0xB3E9,0xB3E9,0xB3E9,0xB3E9,0xB3E9,0xB3E9,0xB3E9,
  0x6225,0x0882,0x0882,0x0882,0x0882,0x0882,0x0882,0x0882,0x0882,0x0882,0x0882,0x0882,0x0882,0x0882,0x0882,0x0882,
  0x0882,0x0882,0x0882,0x0882,0x0882,0x0882,0x0882,0x0882,0x0882,0x0882,0x0882,0x0882,0x0882,0x0882,0x0882,0x0882,
  0x0882,0x0882,0x0882,0x0882,0x0882,0x0882,0x0882,0x0882,0x0882,0x0882,0x0882,0x0882,0x0882,0x0882,0x0882,0x0882,
  0x0882,0x0882,0x0882,0x0882,0x2923,0xB3E9,0xB3E9,0xB3E9,0xB3E9,0xB3E9,0xB3E9,0xB3E9,0xB3E9,0xB3E9,0xB3E9,0xB3E9,
  0xB3E9,0xB3E9,0xB3E9,0xB3E9,0xB3E9,0xB3E9,0xB3E9,0xB3E9,0xB3E9,0xB3E9,0xB3E9,0xB3E9,0xB3E9,0xB3E9,0xB3E9,0xB3E9,
  0xB3E9,0xB3E9,0xB3E9,0xB3E9,0xB3E9,0xB3E9,0xB3E9,0xB3E9,0xB3E9,0xB3E9,0xB3E9,0xB3E9,0xB3E9,0xB3E9,0xB3E9,0xB3E9,
  0xB3E9,0xB3E9,0xB3E9,0xB3E9,0xB3E9,0xB3E9,0xB3E9,0xB3E9,0xB3E9,0xB3E9,0xB3E9,0xB3E9,0xB3E9,0xB3E9,0xB3E9,0x82C7,
  0x0882,0x0882,0x0882,0x0882,0x0882,0x0882,0x0882,0x0882,0x0882,0x0882,0x0882,0x0882,0x0882,0x0882,0x0882,0x0882,
  0x0882,0x0882,0x0882,0x0882,0x0882,0x0882,0x0882,0x0882,0x0882,0x0882,0x0882,0x0882,0x0882,0x0882,0x0882,0x0882,
  0x0882,0x0882,0x0882,0x0882,0x0882,0x0882,0x0882,0x0882,0x0882,0x0882,0x0882,0x0882,0x0882,0x0882,0x0882,0x0882,
  0x0882,0x0882,0x0882,0x4184,0xB3E9,0xB3E9,0xB3E9,0xB3E9,0xB3E9,0xB3E9,0xB3E9,0xB3E9,0xB3E9,0xB3E9,0xB3E9,0xB3E9,
  0xB3E9,0xB3E9,0xB3E9,0xB3E9,0xB3E9,0xB3E9,0xB3E9,0xB3E9,0xB3E9,0xB3E9,0xB3E9,0xB3E9,0xB3E9,0xB3E9,0xB3E9,0xB3E9,
  0xB3E9,0xB3E9,0xB3E9,0xB3E9,0xB3E9,0xB3E9,0xB3E9,0xB3E9,0xB3E9,0xB3E9,0xB3E9,0xB3E9,0xB3E9,0xB3E9,0xB3E9,0xB3E9,
  0xB3E9,0xB3E9,0xB3E9,0xB3E9,0xB3E9,0xB3E9,0xB3E9,0xB3E9,0xB3E9,0xB3E9,0xB3E9,0xB3E9,0xB3E9,0xB3E9,0x9347,0x0882,
  0x0882,0x0882,0x0882,0x0882,0x0882,0x0882,0x0882,0x0882,0x0882,0x0882,0x0882,0x0882,0x0882,0x0882,0x0882,0x0882,
  0x0882,0x0882,0x0882,0x0882,0x0882,0x0882,0x0882,0x0882,0x0882,0x0882,0x0882,0x0882,0x0882,0x0882,0x0882,0x0882,
  0x0882,0x0882,0x0882,0x0882,0x0882,0x0882,0x0882,0x0882,0x0882,0x0882,0x0882,0x0882,0x0882,0x0882,0x0882,0x0882,
  0x0882,0x0882,0x6225,0xB3E9,0xB3E9,0xB3E9,0xB3E9,0xB3E9,0xB3E9,0xB3E9,0xB3E9,0xB3E9,0xB3E9,0xB3E9,0xB3E9,0xB3E9,
  0xB3E9,0xB3E9,0xB3E9,0xB3E9,0xB3E9,0xB3E9,0xB3E9,0xB3E9,0xB3E9,0xB3E9,0xB3E9,0xB3E9,0xB3E9,0xB3E9,0xB3E9,0xB3E9,
  0xB3E9,0xB3E9,0xB3E9,0xB3E9,0xB3E9,0xB3E9,0xB3E9,0xB3E9,0xB3E9,0xB3E9,0xB3E9,0xB3E9,0xB3E9,0xB3E9,0xB3E9,0xB3E9,
  0xB3E9,0xB3E9,0xB3E9,0xB3E9,0xB3E9,0xB3E9,0xB3E9,0xB3E9,0xB3E9,0xB3E9,0xB3E9,0xB3E9,0xB3E9,0xB3E9,0x0882,0x0882,
  0x0882,0x0882,0x0882,0x0882,0x0882,0x0882,0x0882,0x0882,0x0882,0x0882,0x0882,0x0882,0x0882,0x0882,0x0882,0x0882,
  0x0882,0x0882,0x0882,0x0882,0x0882,0x0882,0x0882,0x0882,0x0882,0x0882,0x0882,0x0882,0x0882,0x0882,0x0882,0x0882,
  0x0882,0x0882,0x0882,0x0882,0x0882,0x0882,0x0882,0x0882,0x0882,0x0882,0x0882,0x0882,0x0882,0x0882,0x0882,0x0882,
  0x0882,0x6225,0xB3E9,0xB3E9,0xB3E9,0xB3E9,0xB3E9,0xB3E9,0xB3E9,0xB3E9,0xB3E9,0xB3E9,0xB3E9,0xB3E9,0xB3E9,0xB3E9,
  0xB3E9,0xB3E9,0xB3E9,0xB3E9,0xB3E9,0xB3E9,0xB3E9,0xB3E9,0xB3E9,0xB3E9,0xB3E9,0xB3E9,0xB3E9,0xB3E9,0xB3E9,0xB3E9,
  0xB3E9,0xB3E9,0xB3E9,0xB3E9,0xB3E9,0xB3E9,0xB3E9,0xB3E9,0xB3E9,0xB3E9,0xB3E9,0xB3E9,0xB3E9,0xB3E9,0xB3E9,0xB3E9,
  0xB3E9,0xB3E9,0xB3E9,0xB3E9,0xB3E9,0xB3E9,0xB3E9,0xB3E9,0xB3E9,0xB3E9,0xB3E9,0xB3E9,0xB3E9,0x0882,0x0882,0x0882,
  0x0882,0x0882,0x0882,0x0882,0x0882,0x0882,0x0882,0x0882,0x0882,0x0882,0x0882,0x0882,0x0882,0x0882,0x0882,0x0882,
  0x0882,0x0882,0x0882,0x0882,0x0882,0x0882,0x0882,0x0882,0x0882,0x0882,0x0882,0x0882,0x0882,0x0882,0x0882,0x0882,
  0x0882,0x0882,0x0882,0x0882,0x0882,0x0882,0x0882,0x0882,0x0882,0x0882,0x0882,0x0882,0x0882,0x0882,0x0882,0x0882,
  0x72A6,0xB3E9,0xB3E9,0xB3E9,0xB3E9,0xB3E9,0xB3E9,0xB3E9,0xB3E9,0xB3E9,0xB3E9,0xB3E9,0xB3E9,0xB3E9,0xB3E9,0xB3E9,
  0xB3E9,0xB3E9,0xB3E9,0xB3E9,0xB3E9,0xB3E9,0xB3E9,0xB3E9,0xB3E9,0xB3E9,0xB3E9,0xB3E9,0xB3E9,0xB3E9,0xB3E9,0xB3E9,
  0xB3E9,0xB3E9,0xB3E9,0xB3E9,0xB3E9,0xB3E9,0xB3E9,0xB3E9,0xB3E9,0xB3E9,0xB3E9,0xB3E9,0xB3E9,0xB3E9,0xB3E9,0xB3E9,
  0xB3E9,0xB3E9,0xB3E9,0xB3E9,0xB3E9,0xB3E9,0xB3E9,0xB3E9,0xB3E9,0xB3E9,0xB3E9,0xB3E9,0x20E3,0x0882,0x0882,0x0882,
  0x0882,0x0882,0x0882,0x0882,0x0882,0x0882,0x0882,0x0882,0x0882,0x0882,0x0882,0x0882,0x0882,0x0882,0x0882,0x0882,
  0x0882,0x0882,0x0882,0x0882,0x0882,0x0882,0x0882,0x0882,0x0882,0x0882,0x0882,0x0882,0x0882,0x0882,0x0882,0x0882,
  0x0882,0x0882,0x0882,0x0882,0x0882,0x0882,0x0882,0x0882,0x0882,0x0882,0x0882,0x0882,0x0882,0x0882,0x0882,0x8B07,
  0xB3E9,0xB3E9,0xB3E9,0xB3E9,0xB3E9,0xB3E9,0xB3E9,0xB3E9,0xB3E9,0xB3E9,0xB3E9,0xB3E9,0xB3E9,0xB3E9,0xB3E9,0xB3E9,
  0xB3E9,0xB3E9,0xB3E9,0xB3E9,0xB3E9,0xB3E9,0xB3E9,0xB3E9,0xB3E9,0xB3E9,0xB3E9,0xB3E9,0xB3E9,0xB3E9,0xB3E9,0xB3E9,
  0xB3E9,0xB3E9,0xB3E9,0xB3E9,0xB3E9,0xB3E9,0xB3E9,0xB3E9,0xB3E9,0xB3E9,0xB3E9,0xB3E9,0xB3E9,0xB3E9,0xB3E9,0xB3E9,
  0xB3E9,0xB3E9,0xB3E9,0xB3E9,0xB3E9,0xB3E9,0xB3E9,0xB3E9,0xB3E9,0xB3E9,0xB3E9,0x3964,0x0882,0x0882,0x0882,0x0882,
  0x0882,0x0882,0x0882,0x0882,0x0882,0x0882,0x0882,0x0882,0x0882,0x0882,0x0882,0x0882,0x0882,0x0882,0x0882,0x0882,
  0x0882,0x0882,0x0882,0x0882,0x0882,0x0882,0x0882,0x0882,0x0882,0x0882,0x0882,0x0882,0x0882,0x0882,0x0882,0x0882,
  0x0882,0x0882,0x0882,0x0882,0x0882,0x0882,0x0882,0x0882,0x0882,0x0882,0x0882,0x0882,0x0882,0x0882,0x8B07,0xB3E9,
  0xB3E9,0xB3E9,0xB3E9,0xB3E9,0xB3E9,0xB3E9,0xB3E9,0xB3E9,0xB3E9,0xB3E9,0xB3E9,0xB3E9,0xB3E9,0xB3E9,0xB3E9,0xB3E9,
  0xB3E9,0xB3E9,0xB3E9,0xB3E9,0xB3E9,0xB3E9,0xB3E9,0xB3E9,0xB3E9,0xB3E9,0xB3E9,0xB3E9,0xB3E9,0xB3E9,0xB3E9,0xB3E9,
  0xB3E9,0xB3E9,0xB3E9,0xB3E9,0xB3E9,0xB3E9,0xB3E9,0xB3E9,0xB3E9,0xB3E9,0xB3E9,0xB3E9,0xB3E9,0xB3E9,0xB3E9,0xB3E9,
  0xB3E9,0xB3E9,0xB3E9,0xB3E9,0xB3E9,0xB3E9,0xB3E9,0xB3E9,0xB3E9,0xB3E9,0x3964,0x0882,0x0882,0x0882,0x0882,0x0882,
  0x0882,0x0882,0x0882,0x0882,0x0882,0x0882,0x0882,0x0882,0x0882,0x0882,0x0882,0x0882,0x0882,0x0882,0x0882,0x0882,
  0x0882,0x0882,0x0882,0x0882,0x0882,0x0882,0x0882,0x0882,0x0882,0x0882,0x0882,0x0882,0x0882,0x0882,0x0882,0x0882,
  0x0882,0x0882,0x0882,0x0882,0x0882,0x0882,0x0882,0x0882,0x0882,0x0882,0x0882,0x0882,0x0882,0x82C7,0xB3E9,0xB3E9,
  0xB3E9,0xB3E9,0xB3E9,0xB3E9,0xB3E9,0xB3E9,0xB3E9,0xB3E9,0xB3E9,0xB3E9,0xB3E9,0xB3E9,0xB3E9,0xB3E9,0xB3E9,0xB3E9,
  0xB3E9,0xB3E9,0xB3E9,0xB3E9,0xB3E9,0xB3E9,0xB3E9,0xB3E9,0xB3E9,0xB3E9,0xB3E9,0xB3E9,0xB3E9,0xB3E9,0xB3E9,0xB3E9,
  0xB3E9,0xB3E9,0xB3E9,0xB3E9,0xB3E9,0xB3E9,0xB3E9,0xB3E9,0xB3E9,0xB3E9,0xB3E9,0xB3E9,0xB3E9,0xB3E9,0xB3E9,0xB3E9,
  0xB3E9,0xB3E9,0xB3E9,0xB3E9,0xB3E9,0xB3E9,0xB3E9,0xB3E9,0xB3E9,0x2923,0x0882,0x0882,0x0882,0x0882,0x0882,0x0882,
  0x0882,0x0882,0x0882,0x0882,0x0882,0x0882,0x0882,0x0882,0x0882,0x0882,0x0882,0x0882,0x0882,0x0882,0x0882,0x0882,
  0x0882,0x0882,0x0882,0x0882,0x0882,0x0882,0x0882,0x0882,0x0882,0x0882,0x0882,0x0882,0x0882,0x0882,0x0882,0x0882,
  0x0882,0x0882,0x0882,0x0882,0x0882,0x0882,0x0882,0x0882,0x0882,0x0882,0x0882,0x0882,0x6225,0xB3E9,0xB3E9,0xB3E9,
  0xB3E9,0xB3E9,0xB3E9,0xB3E9,0xB3E9,0xB3E9,0xB3E9,0xB3E9,0xB3E9,0xB3E9,0xB3E9,0xB3E9,0xB3E9,0xB3E9,0xB3E9,0xB3E9,
  0xB3E9,0xB3E9,0xB3E9,0xB3E9,0xB3E9,0xB3E9,0xB3E9,0xB3E9,0xB3E9,0xB3E9,0xB3E9,0xB3E9,0xB3E9,0xB3E9,0xB3E9,0xB3E9,
  0xB3E9,0xB3E9,0xB3E9,0xB3E9,0xB3E9,0xB3E9,0xB3E9,0xB3E9,0xB3E9,0xB3E9,0xB3E9,0xB3E9,0xB3E9,0xB3E9,0xB3E9,0xB3E9,
  0xB3E9,0xB3E9,0xB3E9,0xB3E9,0xB3E9,0xB3E9,0xB3E9,0xB3E9,0x0882,0x0882,0x0882,0x0882,0x0882,0x0882,0x0882,0x0882,
  0x0882,0x0882,0x0882,0x0882,0x0882,0x0882,0x0882,0x0882,0x0882,0x0882,0x0882,0x0882,0x0882,0x0882,0x0882,0x0882,
  0x0882,0x0882,0x0882,0x0882,0x0882,0x0882,0x0882,0x0882,0x0882,0x0882,0x0882,0x0882,0x0882,0x0882,0x0882,0x0882,
  0x0882,0x0882,0x0882,0x0882,0x0882,0x0882,0x0882,0x0882,0x0882,0x0882,0x0882,0x6225,0xB3E9,0xB3E9,0xB3E9,0xB3E9,
  0xB3E9,0xB3E9,0xB3E9,0xB3E9,0xB3E9,0xB3E9,0xB3E9,0xB3E9,0xB3E9,0xB3E9,0xB3E9,0xB3E9,0xB3E9,0xB3E9,0xB3E9,0xB3E9,
  0xB3E9,0xB3E9,0xB3E9,0xB3E9,0xB3E9,0xB3E9,0xB3E9,0xB3E9,0xB3E9,0xB3E9,0xB3E9,0xB3E9,0xB3E9,0xB3E9,0xB3E9,0xB3E9,
  0xB3E9,0xB3E9,0xB3E9,0xB3E9,0xB3E9,0xB3E9,0xB3E9,0xB3E9,0xB3E9,0xB3E9,0xB3E9,0xB3E9,0xB3E9,0xB3E9,0xB3E9,0xB3E9,
  0xB3E9,0xB3E9,0xB3E9,0xB3E9,0xB3E9,0xB3E9,0xB3E9,0x0882,0x0882,0x0882,0x0882,0x0882,0x0882,0x0882,0x0882,0x0882,
  0x0882,0x0882,0x0882,0x0882,0x0882,0x0882,0x0882,0x0882,0x0882,0x0882,0x0882,0x0882,0x0882,0x0882,0x0882,0x0882,
  0x0882,0x0882,0x0882,0x0882,0x0882,0x0882,0x0882,0x0882,0x0882,0x0882,0x0882,0x0882,0x0882,0x0882,0x0882,0x0882,
  0x0882,0x0882,0x0882,0x0882,0x0882,0x0882,0x0882,0x0882,0x0882,0x0882,0x4184,0xB3E9,0xB3E9,0xB3E9,0xB3E9,0xB3E9,
  0xB3E9,0xB3E9,0xB3E9,0xB3E9,0xB3E9,0xB3E9,0xB3E9,0xB3E9,0xB3E9,0xB3E9,0xB3E9,0xB3E9,0xB3E9,0xB3E9,0xB3E9,0xB3E9,
  0xB3E9,0xB3E9,0xB3E9,0xB3E9,0xB3E9,0xB3E9,0xB3E9,0xB3E9,0xB3E9,0xB3E9,0xB3E9,0xB3E9,0xB3E9,0xB3E9,0xB3E9,0xB3E9,
  0xB3E9,0xB3E9,0xB3E9,0xB3E9,0xB3E9,0xB3E9,0xB3E9,0xB3E9,0xB3E9,0xB3E9,0xB3E9,0xB3E9,0xB3E9,0xB3E9,0xB3E9,0xB3E9,
  0xB3E9,0xB3E9,0xB3E9,0xB3E9,0xB3E9,0x9347,0x0882,0x0882,0x0882,0x0882,0x0882,0x0882,0x0882,0x0882,0x0882,0x0882,
  0x0882,0x0882,0x0882,0x0882,0x0882,0x0882,0x0882,0x0882,0x0882,0x0882,0x0882,0x0882,0x0882,0x0882,0x0882,0x0882,
  0x0882,0x0882,0x0882,0x0882,0x0882,0x0882,0x0882,0x0882,0x0882,0x0882,0x0882,0x0882,0x0882,0x0882,0x0882,0x0882,
  0x0882,0x0882,0x0882,0x0882,0x0882,0x0882,0x0882,0x0882,0x0882,0x3964,0xB3E9,0xB3E9,0xB3E9,0xB3E9,0xB3E9,0xB3E9,
  0xB3E9,0xB3E9,0xB3E9,0xB3E9,0xB3E9,0xB3E9,0xB3E9,0xB3E9,0xB3E9,0xB3E9,0xB3E9,0xB3E9,0xB3E9,0xB3E9,0xB3E9,0xB3E9,
  0xB3E9,0xB3E9,0xB3E9,0xB3E9,0xB3E9,0xB3E9,0xB3E9,0xB3E9,0xB3E9,0xB3E9,0xB3E9,0xB3E9,0xB3E9,0xB3E9,0xB3E9,0xB3E9,
  0xB3E9,0xB3E9,0xB3E9,0xB3E9,0xB3E9,0xB3E9,0xB3E9,0xB3E9,0xB3E9,0xB3E9,0xB3E9,0xB3E9,0xB3E9,0xB3E9,0xB3E9,0xB3E9,
  0xB3E9,0xB3E9,0xB3E9,0xB3E9,0x8B07,0x0882,0x0882,0x0882,0x0882,0x0882,0x0882,0x0882,0x0882,0x0882,0x0882,0x0882,
  0x0882,0x0882,0x0882,0x0882,0x0882,0x0882,0x0882,0x0882,0x0882,0x0882,0x0882,0x0882,0x0882,0x0882,0x0882,0x0882,
  0x0882,0x0882,0x0882,0x0882,0x0882,0x0882,0x0882,0x0882,0x0882,0x0882,0x0882,0x0882,0x0882,0x0882,0x0882,0x0882,
  0x0882,0x0882,0x0882,0x0882,0x0882,0x0882,0x0882,0x0882,0x0882,0xB3E9,0xB3E9,0xB3E9,0xB3E9,0xB3E9,0xB3E9,0xB3E9,
  0xB3E9,0xB3E9,0xB3E9,0xB3E9,0xB3E9,0xB3E9,0xB3E9,0xB3E9,0xB3E9,0xB3E9,0xB3E9,0xB3E9,0xB3E9,0xB3E9,0xB3E9,0xB3E9,
  0xB3E9,0xB3E9,0xB3E9,0xB3E9,0xB3E9,0xB3E9,0xB3E9,0xB3E9,0xB3E9,0xB3E9,0xB3E9,0xB3E9,0xB3E9,0xB3E9,0xB3E9,0xB3E9,
  0xB3E9,0xB3E9,0xB3E9,0xB3E9,0xB3E9,0xB3E9,0xB3E9,0xB3E9,0xB3E9,0xB3E9,0xB3E9,0xB3E9,0xB3E9,0xB3E9,0xB3E9,0xB3E9,
  0xB3E9,0xB3E9,0xB3E9,0x6225,0x0882,0x0882,0x0882,0x0882,0x0882,0x0882,0x0882,0x0882,0x0882,0x0882,0x0882,0x0882,
  0x0882,0x0882,0x0882,0x0882,0x0882,0x0882,0x0882,0x0882,0x0882,0x0882,0x0882,0x0882,0x0882,0x0882,0x0882,0x0882,
  0x0882,0x0882,0x0882,0x0882,0x0882,0x0882,0x0882,0x0882,0x0882,0x0882,0x0882,0x0882,0x0882,0x0882,0x0882,0x0882,
  0x0882,0x0882,0x0882,0x0882,0x0882,0x0882,0x0882,0x0882,0xA368,0xB3E9,0xB3E9,0xB3E9,0xB3E9,0xB3E9,0xB3E9,0xB3E9,
  0xB3E9,0xB3E9,0xB3E9,0xB3E9,0xB3E9,0xB3E9,0xB3E9,0xB3E9,0xB3E9,0xB3E9,0xB3E9,0xB3E9,0xB3E9,0xB3E9,0xB3E9,0xB3E9,
  0xB3E9,0xB3E9,0xB3E9,0xB3E9,0xB3E9,0xB3E9,0xB3E9,0xB3E9,0xB3E9,0xB3E9,0xB3E9,0xB3E9,0xB3E9,0xB3E9,0xB3E9,0xB3E9,
  0xB3E9,0xB3E9,0xB3E9,0xB3E9,0xB3E9,0xB3E9,0xB3E9,0xB3E9,0xB3E9,0xB3E9,0xB3E9,0xB3E9,0xB3E9,0xB3E9,0xB3E9,0xB3E9,
  0xB3E9,0xB3E9,0x5205,0x0882,0x0882,0x0882,0x0882,0x0882,0x0882,0x0882,0x0882,0x0882,0x0882,0x0882,0x0882,0x0882,
  0x0882,0x0882,0x0882,0x0882,0x0882,0x0882,0x0882,0x0882,0x0882,0x0882,0x0882,0x0882,0x0882,0x0882,0x0882,0x0882,
  0x0882,0x0882,0x0882,0x0882,0x0882,0x0882,0x0882,0x0882,0x0882,0x0882,0x0882,0x0882,0x0882,0x0882,0x0882,0x0882,
  0x0882,0x0882,0x0882,0x0882,0x0882,0x0882,0x0882,0x72A6,0xB3E9,0xB3E9,0xB3E9,0xB3E9,0xB3E9,0xB3E9,0xB3E9,0xB3E9,
  0xB3E9,0xB3E9,0xB3E9,0xB3E9,0xB3E9,0xB3E9,0xB3E9,0xB3E9,0xB3E9,0xB3E9,0xB3E9,0xB3E9,0xB3E9,0xB3E9,0xB3E9,0xB3E9,
  0xB3E9,0xB3E9,0xB3E9,0xB3E9,0xB3E9,0xB3E9,0xB3E9,0xB3E9,0xB3E9,0xB3E9,0xB3E9,0xB3E9,0xB3E9,0xB3E9,0xB3E9,0xB3E9,
  0xB3E9,0xB3E9,0xB3E9,0xB3E9,0xB3E9,0xB3E9,0xB3E9,0xB3E9,0xB3E9,0xB3E9,0xB3E9,0xB3E9,0xB3E9,0xB3E9,0xB3E9,0xB3E9,
  0xB3E9,0x3964,0x0882,0x0882,0x0882,0x0882,0x0882,0x0882,0x0882,0x0882,0x0882,0x0882,0x0882,0x0882,0x0882,0x0882,
  0x0882,0x0882,0x0882,0x0882,0x0882,0x0882,0x0882,0x0882,0x0882,0x0882,0x0882,0x0882,0x0882,0x0882,0x0882,0x0882,
  0x0882,0x0882,0x0882,0x0882,0x0882,0x0882,0x0882,0x0882,0x0882,0x0882,0x0882,0x0882,0x0882,0x0882,0x0882,0x0882,
  0x0882,0x0882,0x0882,0x0882,0x0882,0x0882,0x49C5,0xB3E9,0xB3E9,0xB3E9,0xB3E9,0xB3E9,0xB3E9,0xB3E9,0xB3E9,0xB3E9,
  0xB3E9,0xB3E9,0xB3E9,0xB3E9,0xB3E9,0xB3E9,0xB3E9,0xB3E9,0xB3E9,0xB3E9,0xB3E9,0xB3E9,0xB3E9,0xB3E9,0xB3E9,0xB3E9,
  0xB3E9,0xB3E9,0xB3E9,0xB3E9,0xB3E9,0xB3E9,0xB3E9,0xB3E9,0xB3E9,0xB3E9,0xB3E9,0xB3E9,0xB3E9,0xB3E9,0xB3E9,0xB3E9,
  0xB3E9,0xB3E9,0xB3E9,0xB3E9,0xB3E9,0xB3E9,0xB3E9,0xB3E9,0xB3E9,0xB3E9,0xB3E9,0xB3E9,0xB3E9,0xB3E9,0xB3E9,0xB3E9,
  0x18C2,0x0882,0x0882,0x0882,0x0882,0x0882,0x0882,0x0882,0x0882,0x0882,0x0882,0x0882,0x0882,0x0882,0x0882,0x0882,
  0x0882,0x0882,0x0882,0x0882,0x0882,0x0882,0x0882,0x0882,0x0882,0x0882,0x0882,0x0882,0x0882,0x0882,0x0882,0x0882,
  0x0882,0x0882,0x0882,0x0882,0x0882,0x0882,0x0882,0x0882,0x0882,0x0882,0x0882,0x0882,0x0882,0x0882,0x0882,0x0882,
  0x0882,0x0882,0x0882,0x0882,0x0882,0x2923,0xB3E9,0xB3E9,0xB3E9,0xB3E9,0xB3E9,0xB3E9,0xB3E9,0xB3E9,0xB3E9,0xB3E9,
  0xB3E9,0xB3E9,0xB3E9,0xB3E9,0xB3E9,0xB3E9,0xB3E9,0xB3E9,0xB3E9,0xB3E9,0xB3E9,0xB3E9,0xB3E9,0xB3E9,0xB3E9,0xB3E9,
  0xB3E9,0xB3E9,0xB3E9,0xB3E9,0xB3E9,0xB3E9,0xB3E9,0xB3E9,0xB3E9,0xB3E9,0xB3E9,0xB3E9,0xB3E9,0xB3E9,0xB3E9,0xB3E9,
  0xB3E9,0xB3E9,0xB3E9,0xB3E9,0xB3E9,0xB3E9,0xB3E9,0xB3E9,0xB3E9,0xB3E9,0xB3E9,0xB3E9,0xB3E9,0xB3E9,0xA368,0x0882,
  0x0882,0x0882,0x0882,0x0882,0x0882,0x0882,0x0882,0x0882,0x0882,0x0882,0x0882,0x0882,0x0882,0x0882,0x0882,0x0882,
  0x0882,0x0882,0x0882,0x0882,0x0882,0x0882,0x0882,0x0882,0x0882,0x0882,0x0882,0x0882,0x0882,0x0882,0x0882,0x0882,
  0x0882,0x0882,0x0882,0x0882,0x0882,0x0882,0x0882,0x0882,0x0882,0x0882,0x0882,0x0882,0x0882,0x0882,0x0882,0x0882,
  0x0882,0x0882,0x0882,0x0882,0x0882,0xABA8,0xB3E9,0xB3E9,0xB3E9,0xB3E9,0xB3E9,0xB3E9,0xB3E9,0xB3E9,0xB3E9,0xB3E9,
  0xB3E9,0xB3E9,0xB3E9,0xB3E9,0xB3E9,0xB3E9,0xB3E9,0xB3E9,0xB3E9,0xB3E9,0xB3E9,0xB3E9,0xB3E9,0xB3E9,0xB3E9,0xB3E9,
  0xB3E9,0xB3E9,0xB3E9,0xB3E9,0xB3E9,0xB3E9,0xB3E9,0xB3E9,0xB3E9,0xB3E9,0xB3E9,0xB3E9,0xB3E9,0xB3E9,0xB3E9,0xB3E9,
  0xB3E9,0xB3E9,0xB3E9,0xB3E9,0xB3E9,0xB3E9,0xB3E9,0xB3E9,0xB3E9,0xB3E9,0xB3E9,0xB3E9,0xB3E9,0x6A66,0x0882,0x0882,
  0x0882,0x0882,0x0882,0x0882,0x0882,0x0882,0x0882,0x0882,0x0882,0x0882,0x0882,0x0882,0x0882,0x0882,0x0882,0x0882,
  0x0882,0x0882,0x0882,0x0882,0x0882,0x0882,0x0882,0x0882,0x0882,0x0882,0x0882,0x0882,0x0882,0x0882,0x0882,0x0882,
  0x0882,0x0882,0x0882,0x0882,0x0882,0x0882,0x0882,0x0882,0x0882,0x0882,0x0882,0x0882,0x0882,0x0882,0x0882,0x0882,
  0x0882,0x0882,0x0882,0x0882,0x82C7,0xB3E9,0xB3E9,0xB3E9,0xB3E9,0xB3E9,0xB3E9,0xB3E9,0xB3E9,0xB3E9,0xB3E9,0xB3E9,
  0xB3E9,0xB3E9,0xB3E9,0xB3E9,0xB3E9,0xB3E9,0xB3E9,0xB3E9,0xB3E9,0xB3E9,0xB3E9,0xB3E9,0xB3E9,0xB3E9,0xB3E9,0xB3E9,
  0xB3E9,0xB3E9,0xB3E9,0xB3E9,0xB3E9,0xB3E9,0xB3E9,0xB3E9,0xB3E9,0xB3E9,0xB3E9,0xB3E9,0xB3E9,0xB3E9,0xB3E9,0xB3E9,
  0xB3E9,0xB3E9,0xB3E9,0xB3E9,0xB3E9,0xB3E9,0xB3E9,0xB3E9,0xB3E9,0xB3E9,0xB3E9,0xB3E9,0x4184,0x0882,0x0882,0x0882,
  0x0882,0x0882,0x0882,0x0882,0x0882,0x0882,0x0882,0x0882,0x0882,0x0882,0x0882,0x0882,0x0882,0x0882,0x0882,0x0882,
  0x0882,0x0882,0x0882,0x0882,0x0882,0x0882,0x0882,0x0882,0x0882,0x0882,0x0882,0x0882,0x0882,0x0882,0x0882,0x0882,
  0x0882,0x0882,0x0882,0x0882,0x0882,0x0882,0x0882,0x0882,0x0882,0x0882,0x0882,0x0882,0x0882,0x0882,0x0882,0x0882,
  0x0882,0x0882,0x0882,0x5205,0xB3E9,0xB3E9,0xB3E9,0xB3E9,0xB3E9,0xB3E9,0xB3E9,0xB3E9,0xB3E9,0xB3E9,0xB3E9,0xB3E9,
  0xB3E9,0xB3E9,0xB3E9,0xB3E9,0xB3E9,0xB3E9,0xB3E9,0xB3E9,0xB3E9,0xB3E9,0xB3E9,0xB3E9,0xB3E9,0xB3E9,0xB3E9,0xB3E9,
  0xB3E9,0xB3E9,0xB3E9,0xB3E9,0xB3E9,0xB3E9,0xB3E9,0xB3E9,0xB3E9,0xB3E9,0xB3E9,0xB3E9,0xB3E9,0xB3E9,0xB3E9,0xB3E9,
  0xB3E9,0xB3E9,0xB3E9,0xB3E9,0xB3E9,0xB3E9,0xB3E9,0xB3E9,0xB3E9,0xB3E9,0xA368,0x0882,0x0882,0x0882,0x0882,0x0882,
  0x0882,0x0882,0x0882,0x0882,0x0882,0x0882,0x0882,0x0882,0x0882,0x0882,0x0882,0x0882,0x0882,0x0882,0x0882,0x0882,
  0x0882,0x0882,0x0882,0x0882,0x0882,0x0882,0x0882,0x0882,0x0882,0x0882,0x0882,0x0882,0x0882,0x0882,0x0882,0x0882,
  0x0882,0x0882,0x0882,0x0882,0x0882,0x0882,0x0882,0x0882,0x0882,0x0882,0x0882,0x0882,0x0882,0x0882,0x0882,0x0882,
  0x0882,0x0882,0x18C2,0xABA8,0xB3E9,0xB3E9,0xB3E9,0xB3E9,0xB3E9,0xB3E9,0xB3E9,0xB3E9,0xB3E9,0xB3E9,0xB3E9,0xB3E9,
  0xB3E9,0xB3E9,0xB3E9,0xB3E9,0xB3E9,0xB3E9,0xB3E9,0xB3E9,0xB3E9,0xB3E9,0xB3E9,0xB3E9,0xB3E9,0xB3E9,0xB3E9,0xB3E9,
  0xB3E9,0xB3E9,0xB3E9,0xB3E9,0xB3E9,0xB3E9,0xB3E9,0xB3E9,0xB3E9,0xB3E9,0xB3E9,0xB3E9,0xB3E9,0xB3E9,0xB3E9,0xB3E9,
  0xB3E9,0xB3E9,0xB3E9,0xB3E9,0xB3E9,0xB3E9,0xB3E9,0xB3E9,0xB3E9,0x49C5,0x0882,0x0882,0x0882,0x0882,0x0882,0x0882,
  0x0882,0x0882,0x0882,0x0882,0x0882,0x0882,0x0882,0x0882,0x0882,0x0882,0x0882,0x0882,0x0882,0x0882,0x0882,0x0882,
  0x0882,0x0882,0x0882,0x0882,0x0882,0x0882,0x0882,0x0882,0x0882,0x0882,0x0882,0x0882,0x0882,0x0882,0x0882,0x0882,
  0x0882,0x0882,0x0882,0x0882,0x0882,0x0882,0x0882,0x0882,0x0882,0x0882,0x0882,0x0882,0x0882,0x0882,0x0882,0x0882,
  0x0882,0x0882,0x72A6,0xB3E9,0xB3E9,0xB3E9,0xB3E9,0xB3E9,0xB3E9,0xB3E9,0xB3E9,0xB3E9,0xB3E9,0xB3E9,0xB3E9,0xB3E9,
  0xB3E9,0xB3E9,0xB3E9,0xB3E9,0xB3E9,0xB3E9,0xB3E9,0xB3E9,0xB3E9,0xB3E9,0xB3E9,0xB3E9,0xB3E9,0xB3E9,0xB3E9,0xB3E9,
  0xB3E9,0xB3E9,0xB3E9,0xB3E9,0xB3E9,0xB3E9,0xB3E9,0xB3E9,0xB3E9,0xB3E9,0xB3E9,0xB3E9,0xB3E9,0xB3E9,0xB3E9,0xB3E9,
  0xB3E9,0xB3E9,0xB3E9,0xB3E9,0xB3E9,0xB3E9,0xB3E9,0xB3E9,0x5205,0x2923,0x0882,0x0882,0x0882,0x0882,0x0882,0x0882,
  0x0882,0x0882,0x0882,0x0882,0x0882,0x0882,0x0882,0x0882,0x0882,0x0882,0x0882,0x0882,0x0882,0x0882,0x0882,0x0882,
  0x0882,0x0882,0x0882,0x0882,0x0882,0x0882,0x0882,0x0882,0x0882,0x0882,0x0882,0x0882,0x0882,0x0882,0x0882,0x0882,
  0x0882,0x0882,0x0882,0x0882,0x0882,0x0882,0x0882,0x0882,0x0882,0x0882,0x0882,0x0882,0x0882,0x0882,0x0882,0x0882,
  0x0882,0x20E3,0xB3E9,0xB3E9,0xB3E9,0xB3E9,0xB3E9,0xB3E9,0xB3E9,0xB3E9,0xB3E9,0xB3E9,0xB3E9,0xB3E9,0xB3E9,0xB3E9,
  0xB3E9,0xB3E9,0xB3E9,0xB3E9,0xB3E9,0xB3E9,0xB3E9,0xB3E9,0xB3E9,0xB3E9,0xB3E9,0xB3E9,0xB3E9,0xB3E9,0xB3E9,0xB3E9,
  0xB3E9,0xB3E9,0xB3E9,0xB3E9,0xB3E9,0xB3E9,0xB3E9,0xB3E9,0xB3E9,0xB3E9,0xB3E9,0xB3E9,0xB3E9,0xB3E9,0xB3E9,0xB3E9,
  0xB3E9,0xB3E9,0xB3E9,0xB3E9,0xB3E9,0xB3E9,0xB3E9,0xB3E9,0xB3E9,0x9347,0x18C2,0x0882,0x0882,0x0882,0x0882,0x0882,
  0x0882,0x0882,0x0882,0x0882,0x0882,0x0882,0x0882,0x0882,0x0882,0x0882,0x0882,0x0882,0x0882,0x0882,0x0882,0x0882,
  0x0882,0x0882,0x0882,0x0882,0x0882,0x0882,0x0882,0x0882,0x0882,0x0882,0x0882,0x0882,0x0882,0x0882,0x0882,0x0882,
  0x0882,0x0882,0x0882,0x0882,0x0882,0x0882,0x0882,0x0882,0x0882,0x0882,0x0882,0x0882,0x0882,0x0882,0x0882,0x0882,
  0x0882,0x72A6,0xB3E9,0xB3E9,0xB3E9,0xB3E9,0xB3E9,0xB3E9,0xB3E9,0xB3E9,0xB3E9,0xB3E9,0xB3E9,0xB3E9,0xB3E9,0xB3E9,
  0xB3E9,0xB3E9,0xB3E9,0xB3E9,0xB3E9,0xB3E9,0xB3E9,0xB3E9,0xB3E9,0xB3E9,0xB3E9,0xB3E9,0xB3E9,0xB3E9,0xB3E9,0xB3E9,
  0xB3E9,0xB3E9,0xB3E9,0xB3E9,0xB3E9,0xB3E9,0xB3E9,0xB3E9,0xB3E9,0xB3E9,0xB3E9,0xB3E9,0xB3E9,0xB3E9,0xB3E9,0xB3E9,
  0xB3E9,0xB3E9,0xB3E9,0xB3E9,0xB3E9,0xB3E9,0xB3E9,0xB3E9,0xB3E9,0xABA8,0x18C2,0x0882,0x0882,0x0882,0x0882,0x0882,
  0x0882,0x0882,0x0882,0x0882,0x18C2,0x3964,0x3964,0x5205,0x6225,0x6225,0x6225,0x6225,0x82C7,0x8B07,0x8B07,0x6225,
  0x6225,0x3964,0x3964,0x18C2,0x0882,0x0882,0x0882,0x0882,0x0882,0x0882,0x0882,0x0882,0x0882,0x0882,0x0882,0x0882,
  0x0882,0x0882,0x0882,0x0882,0x0882,0x0882,0x0882,0x0882,0x0882,0x0882,0x0882,0x0882,0x0882,0x0882,0x0882,0x0882,
  0x20E3,0xB3E9,0xB3E9,0xB3E9,0xB3E9,0xB3E9,0xB3E9,0xB3E9,0xB3E9,0xB3E9,0xB3E9,0xB3E9,0xB3E9,0xB3E9,0xB3E9,0xB3E9,
  0xB3E9,0xB3E9,0xB3E9,0xB3E9,0xB3E9,0xB3E9,0xB3E9,0xB3E9,0xB3E9,0xB3E9,0xB3E9,0xB3E9,0xB3E9,0xB3E9,0xB3E9,0xB3E9,
  0xB3E9,0xB3E9,0xB3E9,0xB3E9,0xB3E9,0xB3E9,0xB3E9,0xB3E9,0xB3E9,0xB3E9,0xB3E9,0xB3E9,0xB3E9,0xB3E9,0xB3E9,0xB3E9,
  0xB3E9,0xB3E9,0xB3E9,0xB3E9,0xB3E9,0xB3E9,0xB3E9,0xB3E9,0xB3E9,0x6225,0x0882,0x0882,0x0882,0x0882,0x20E3,0x4184,
  0x6225,0x8B07,0xA368,0xB3E9,0xB3E9,0xB3E9,0xB3E9,0xB3E9,0xB3E9,0xB3E9,0xB3E9,0xB3E9,0xB3E9,0xB3E9,0xB3E9,0xB3E9,
  0xB3E9,0xB3E9,0xB3E9,0x8B07,0x5205,0x2923,0x0882,0x0882,0x0882,0x0882,0x0882,0x0882,0x0882,0x0882,0x0882,0x0882,
  0x0882,0x0882,0x0882,0x0882,0x0882,0x0882,0x0882,0x0882,0x0882,0x0882,0x0882,0x0882,0x0882,0x0882,0x0882,0x0882,
  0x72A6,0xB3E9,0xB3E9,0xB3E9,0xB3E9,0xB3E9,0xB3E9,0xB3E9,0xB3E9,0xB3E9,0xB3E9,0xB3E9,0xB3E9,0xB3E9,0xB3E9,0xB3E9,
  0xB3E9,0xB3E9,0xB3E9,0xB3E9,0xB3E9,0xB3E9,0xB3E9,0xB3E9,0xB3E9,0xB3E9,0xB3E9,0xB3E9,0xB3E9,0xB3E9,0xB3E9,0xB3E9,
  0xB3E9,0xB3E9,0xB3E9,0xB3E9,0xB3E9,0xB3E9,0xB3E9,0xB3E9,0xB3E9,0xB3E9,0xB3E9,0xB3E9,0xB3E9,0xB3E9,0xB3E9,0xB3E9,
  0xB3E9,0xB3E9,0xB3E9,0xB3E9,0xB3E9,0xB3E9,0xB3E9,0xB3E9,0xA368,0x18C2,0x4184,0x6A66,0xA368,0xB3E9,0xB3E9,0xB3E9,
  0xB3E9,0xB3E9,0xB3E9,0xB3E9,0xB3E9,0xB3E9,0xB3E9,0xB3E9,0xB3E9,0xB3E9,0xB3E9,0xB3E9,0xB3E9,0xB3E9,0xB3E9,0xB3E9,
  0xB3E9,0xB3E9,0xB3E9,0xB3E9,0xB3E9,0xA368,0x72A6,0x18C2,0x0882,0x0882,0x0882,0x0882,0x0882,0x0882,0x0882,0x0882,
  0x0882,0x0882,0x0882,0x0882,0x0882,0x0882,0x0882,0x0882,0x0882,0x0882,0x0882,0x0882,0x0882,0x0882,0x0882,0x18C2,
  0xABA8,0xB3E9,0xB3E9,0xB3E9,0xB3E9,0xB3E9,0xB3E9,0xB3E9,0xB3E9,0xB3E9,0xB3E9,0xB3E9,0xB3E9,0xB3E9,0xB3E9,0xB3E9,
  0xB3E9,0xB3E9,0xB3E9,0xB3E9,0xB3E9,0xB3E9,0xB3E9,0xB3E9,0xB3E9,0xB3E9,0xB3E9,0xB3E9,0xB3E9,0xB3E9,0xB3E9,0xB3E9,
  0xB3E9,0xB3E9,0xB3E9,0xB3E9,0xB3E9,0xB3E9,0xB3E9,0xB3E9,0xB3E9,0xB3E9,0xB3E9,0xB3E9,0xB3E9,0xB3E9,0xB3E9,0xB3E9,
  0xB3E9,0xB3E9,0xB3E9,0xB3E9,0xB3E9,0xB3E9,0xB3E9,0xB3E9,0xB3E9,0xB3E9,0xB3E9,0xB3E9,0xB3E9,0xB3E9,0xB3E9,0xB3E9,
  0xB3E9,0xB3E9,0xB3E9,0xB3E9,0xB3E9,0xB3E9,0xB3E9,0xB3E9,0xB3E9,0xB3E9,0xB3E9,0xB3E9,0xB3E9,0xB3E9,0xB3E9,0xB3E9,
  0xB3E9,0xB3E9,0xB3E9,0xB3E9,0xB3E9,0xB3E9,0xABA8,0x4184,0x0882,0x0882,0x0882,0x0882,0x0882,0x0882,0x0882,0x0882,
  0x0882,0x0882,0x0882,0x0882,0x0882,0x0882,0x0882,0x0882,0x0882,0x0882,0x0882,0x0882,0x0882,0x0882,0x0882,0x5205,
  0xB3E9,0xB3E9,0xB3E9,0xB3E9,0xB3E9,0xB3E9,0xB3E9,0xB3E9,0xB3E9,0xB3E9,0xB3E9,0xB3E9,0xB3E9,0xB3E9,0xB3E9,0xB3E9,
  0xB3E9,0xB3E9,0xB3E9,0xB3E9,0xB3E9,0xB3E9,0xB3E9,0xB3E9,0xB3E9,0xB3E9,0xB3E9,0xB3E9,0xB3E9,0xB3E9,0xB3E9,0xB3E9,
  0xB3E9,0xB3E9,0xB3E9,0xB3E9,0xB3E9,0xB3E9,0xB3E9,0xB3E9,0xB3E9,0xB3E9,0xB3E9,0xB3E9,0xB3E9,0xB3E9,0xB3E9,0xB3E9,
  0xB3E9,0xB3E9,0xB3E9,0xB3E9,0xB3E9,0xB3E9,0xB3E9,0xB3E9,0xB3E9,0xB3E9,0xB3E9,0xB3E9,0xB3E9,0xB3E9,0xB3E9,0xB3E9,
  0xB3E9,0xB3E9,0xB3E9,0xB3E9,0xB3E9,0xB3E9,0xB3E9,0xB3E9,0xB3E9,0xB3E9,0xB3E9,0xB3E9,0xB3E9,0xB3E9,0xB3E9,0xB3E9,
  0xB3E9,0xB3E9,0xB3E9,0xB3E9,0xB3E9,0xB3E9,0xB3E9,0x6225,0x0882,0x0882,0x0882,0x0882,0x0882,0x0882,0x0882,0x0882,
  0x0882,0x0882,0x0882,0x0882,0x0882,0x0882,0x0882,0x0882,0x0882,0x0882,0x0882,0x0882,0x0882,0x0882,0x0882,0x82C7,
  0xB3E9,0xB3E9,0xB3E9,0xB3E9,0xB3E9,0xB3E9,0xB3E9,0xB3E9,0xB3E9,0xB3E9,0xB3E9,0xB3E9,0xB3E9,0xB3E9,0xB3E9,0xB3E9,
  0xB3E9,0xB3E9,0xB3E9,0xB3E9,0xB3E9,0xB3E9,0xB3E9,0xB3E9,0xB3E9,0xB3E9,0xB3E9,0xB3E9,0xB3E9,0xB3E9,0xB3E9,0xB3E9,
  0xB3E9,0xB3E9,0xB3E9,0xB3E9,0xB3E9,0xB3E9,0xB3E9,0xB3E9,0xB3E9,0xB3E9,0xB3E9,0xB3E9,0xB3E9,0xB3E9,0xB3E9,0xB3E9,
  0xB3E9,0xB3E9,0xB3E9,0xB3E9,0xB3E9,0xB3E9,0xB3E9,0xB3E9,0xB3E9,0xB3E9,0xB3E9,0xB3E9,0xB3E9,0xB3E9,0xB3E9,0xB3E9,
  0xB3E9,0xB3E9,0xB3E9,0xB3E9,0xB3E9,0xB3E9,0xB3E9,0xB3E9,0xB3E9,0xB3E9,0xB3E9,0xB3E9,0xB3E9,0xB3E9,0xB3E9,0xB3E9,
  0xB3E9,0xB3E9,0xB3E9,0xB3E9,0xB3E9,0xB3E9,0xB3E9,0x20E3,0x0882,0x0882,0x0882,0x0882,0x0882,0x0882,0x0882,0x0882,
  0x0882,0x0882,0x0882,0x0882,0x0882,0x0882,0x0882,0x0882,0x0882,0x0882,0x0882,0x0882,0x0882,0x0882,0x18C2,0x9347,
  0xB3E9,0xB3E9,0xB3E9,0xB3E9,0xB3E9,0xB3E9,0xB3E9,0xB3E9,0xB3E9,0xB3E9,0xB3E9,0xB3E9,0xB3E9,0xB3E9,0xB3E9,0xB3E9,
  0xB3E9,0xB3E9,0xB3E9,0xB3E9,0xB3E9,0xB3E9,0xB3E9,0xB3E9,0xB3E9,0xB3E9,0xB3E9,0xB3E9,0xB3E9,0xB3E9,0xB3E9,0xB3E9,
  0xB3E9,0xB3E9,0xB3E9,0xB3E9,0xB3E9,0xB3E9,0xB3E9,0xB3E9,0xB3E9,0xB3E9,0xB3E9,0xB3E9,0xB3E9,0xB3E9,0xB3E9,0xB3E9,
  0xB3E9,0xB3E9,0xB3E9,0xB3E9,0xB3E9,0xB3E9,0xB3E9,0xB3E9,0xB3E9,0xB3E9,0xB3E9,0xB3E9,0xB3E9,0xB3E9,0xB3E9,0xB3E9,
  0xB3E9,0xB3E9,0xB3E9,0xB3E9,0xB3E9,0xB3E9,0xB3E9,0xB3E9,0xB3E9,0xB3E9,0xB3E9,0xB3E9,0xB3E9,0xB3E9,0xB3E9,0xB3E9,
  0xB3E9,0xB3E9,0xB3E9,0xB3E9,0xB3E9,0xB3E9,0x5205,0x0882,0x0882,0x0882,0x0882,0x0882,0x0882,0x0882,0x0882,0x0882,
  0x0882,0x0882,0x0882,0x0882,0x0882,0x0882,0x0882,0x0882,0x0882,0x0882,0x0882,0x0882,0x0882,0x0882,0x2923,0xABA8,
  0xB3E9,0xB3E9,0xB3E9,0xB3E9,0xB3E9,0xB3E9,0xB3E9,0xB3E9,0xB3E9,0xB3E9,0xB3E9,0xB3E9,0xB3E9,0xB3E9,0xB3E9,0xB3E9,
  0xB3E9,0xB3E9,0xB3E9,0xB3E9,0xB3E9,0xB3E9,0xB3E9,0xB3E9,0xB3E9,0xB3E9,0xB3E9,0xB3E9,0xB3E9,0xB3E9,0xB3E9,0xB3E9,
  0xB3E9,0xB3E9,0xB3E9,0xB3E9,0xB3E9,0xB3E9,0xB3E9,0xB3E9,0xB3E9,0xB3E9,0xB3E9,0xB3E9,0xB3E9,0xB3E9,0xB3E9,0xB3E9,
  0xB3E9,0xB3E9,0xB3E9,0xB3E9,0xB3E9,0xB3E9,0xB3E9,0xB3E9,0xB3E9,0xB3E9,0xB3E9,0xB3E9,0xB3E9,0xB3E9,0xB3E9,0xB3E9,
  0xB3E9,0xB3E9,0xB3E9,0xB3E9,0xB3E9,0xB3E9,0xB3E9,0xB3E9,0xB3E9,0xB3E9,0xB3E9,0xB3E9,0xB3E9,0xB3E9,0xB3E9,0xB3E9,
  0xB3E9,0xB3E9,0xB3E9,0xB3E9,0xB3E9,0x82C7,0x0882,0x0882,0x0882,0x0882,0x0882,0x0882,0x0882,0x0882,0x0882,0x0882,
  0x0882,0x0882,0x0882,0x0882,0x0882,0x0882,0x0882,0x0882,0x0882,0x0882,0x0882,0x0882,0x0882,0x0882,0x2923,0xABA8,
  0xB3E9,0xB3E9,0xB3E9,0xB3E9,0xB3E9,0xB3E9,0xB3E9,0xB3E9,0xB3E9,0xB3E9,0xB3E9,0xB3E9,0xB3E9,0xB3E9,0xB3E9,0xB3E9,
  0xB3E9,0xB3E9,0xB3E9,0xB3E9,0xB3E9,0xB3E9,0xB3E9,0xB3E9,0xB3E9,0xB3E9,0xB3E9,0xB3E9,0xB3E9,0xB3E9,0xB3E9,0xB3E9,
  0xB3E9,0xB3E9,0xB3E9,0xB3E9,0xB3E9,0xB3E9,0xB3E9,0xB3E9,0xB3E9,0xB3E9,0xB3E9,0xB3E9,0xB3E9,0xB3E9,0xB3E9,0xB3E9,
  0xB3E9,0xB3E9,0xB3E9,0xB3E9,0xB3E9,0xB3E9,0xB3E9,0xB3E9,0xB3E9,0xB3E9,0xB3E9,0xB3E9,0xB3E9,0xB3E9,0xB3E9,0xB3E9,
  0xB3E9,0xB3E9,0xB3E9,0xB3E9,0xB3E9,0xB3E9,0xB3E9,0xB3E9,0xB3E9,0xB3E9,0xB3E9,0xB3E9,0xB3E9,0xB3E9,0xB3E9,0xB3E9,
  0xB3E9,0xB3E9,0xB3E9,0xB3E9,0x6225,0x0882,0x0882,0x0882,0x0882,0x0882,0x0882,0x0882,0x0882,0x0882,0x0882,0x0882,
  0x0882,0x0882,0x0882,0x0882,0x0882,0x0882,0x0882,0x0882,0x0882,0x0882,0x0882,0x0882,0x0882,0x0882,0x2923,0xABA8,
  0xB3E9,0xB3E9,0xB3E9,0xB3E9,0xB3E9,0xB3E9,0xB3E9,0xB3E9,0xB3E9,0xB3E9,0xB3E9,0xB3E9,0xB3E9,0xB3E9,0xB3E9,0xB3E9,
  0xB3E9,0xB3E9,0xB3E9,0xB3E9,0xB3E9,0xB3E9,0xB3E9,0xB3E9,0xB3E9,0xB3E9,0xB3E9,0xB3E9,0xB3E9,0xB3E9,0xB3E9,0xB3E9,
  0xB3E9,0xB3E9,0xB3E9,0xB3E9,0xB3E9,0xB3E9,0xB3E9,0xB3E9,0xB3E9,0xB3E9,0xB3E9,0xB3E9,0xB3E9,0xB3E9,0xB3E9,0xB3E9,
  0xB3E9,0xB3E9,0xB3E9,0xB3E9,0xB3E9,0xB3E9,0xB3E9,0xB3E9,0xB3E9,0xB3E9,0xB3E9,0xB3E9,0xB3E9,0xB3E9,0xB3E9,0xB3E9,
  0xB3E9,0xB3E9,0xB3E9,0xB3E9,0xB3E9,0xB3E9,0xB3E9,0xB3E9,0xB3E9,0xB3E9,0xB3E9,0xB3E9,0xB3E9,0xB3E9,0xB3E9,0xB3E9,
  0xB3E9,0xB3E9,0xB3E9,0x20E3,0x0882,0x0882,0x0882,0x0882,0x0882,0x0882,0x0882,0x0882,0x0882,0x0882,0x0882,0x0882,
  0x0882,0x0882,0x0882,0x0882,0x0882,0x0882,0x0882,0x0882,0x0882,0x0882,0x0882,0x0882,0x0882,0x0882,0x2923,0xA368,
  0xB3E9,0xB3E9,0xB3E9,0xB3E9,0xB3E9,0xB3E9,0xB3E9,0xB3E9,0xB3E9,0xB3E9,0xB3E9,0xB3E9,0xB3E9,0xB3E9,0xB3E9,0xB3E9,
  0xB3E9,0xB3E9,0xB3E9,0xB3E9,0xB3E9,0xB3E9,0xB3E9,0xB3E9,0xB3E9,0xB3E9,0xB3E9,0xB3E9,0xB3E9,0xB3E9,0xB3E9,0xB3E9,
  0xB3E9,0xB3E9,0xB3E9,0xB3E9,0xB3E9,0xB3E9,0xB3E9,0xB3E9,0xB3E9,0xB3E9,0xB3E9,0xB3E9,0xB3E9,0xB3E9,0xB3E9,0xB3E9,
  0xB3E9,0xB3E9,0xB3E9,0xB3E9,0xB3E9,0xB3E9,0xB3E9,0xB3E9,0xB3E9,0xB3E9,0xB3E9,0xB3E9,0xB3E9,0xB3E9,0xB3E9,0xB3E9,
  0xB3E9,0xB3E9,0xB3E9,0xB3E9,0xB3E9,0xB3E9,0xB3E9,0xB3E9,0xB3E9,0xB3E9,0xB3E9,0xB3E9,0xB3E9,0xB3E9,0xB3E9,0xB3E9,
  0xB3E9,0x72A6,0x0882,0x0882,0x0882,0x0882,0x0882,0x0882,0x0882,0x0882,0x0882,0x0882,0x0882,0x0882,0x0882,0x0882,
  0x0882,0x0882,0x0882,0x0882,0x0882,0x0882,0x0882,0x0882,0x0882,0x0882,0x0882,0x0882,0x0882,0x0882,0x18C2,0x9347,
  0xB3E9,0xB3E9,0xB3E9,0xB3E9,0xB3E9,0xB3E9,0xB3E9,0xB3E9,0xB3E9,0xB3E9,0xB3E9,0xB3E9,0xB3E9,0xB3E9,0xB3E9,0xB3E9,
  0xB3E9,0xB3E9,0xB3E9,0xB3E9,0xB3E9,0xB3E9,0xB3E9,0xB3E9,0xB3E9,0xB3E9,0xB3E9,0xB3E9,0xB3E9,0xB3E9,0xB3E9,0xB3E9,
  0xB3E9,0xB3E9,0xB3E9,0xB3E9,0xB3E9,0xB3E9,0xB3E9,0xB3E9,0xB3E9,0xB3E9,0xB3E9,0xB3E9,0xB3E9,0xB3E9,0xB3E9,0xB3E9,
  0xB3E9,0xB3E9,0xB3E9,0xB3E9,0xB3E9,0xB3E9,0xB3E9,0xB3E9,0xB3E9,0xB3E9,0xB3E9,0xB3E9,0xB3E9,0xB3E9,0xB3E9,0xB3E9,
  0xB3E9,0xB3E9,0xB3E9,0xB3E9,0xB3E9,0xB3E9,0xB3E9,0xB3E9,0xB3E9,0xB3E9,0xB3E9,0xB3E9,0xB3E9,0xB3E9,0xB3E9,0xABA8,
  0x18C2,0x0882,0x0882,0x0882,0x0882,0x0882,0x0882,0x0882,0x0882,0x0882,0x0882,0x0882,0x0882,0x0882,0x0882,0x0882,
  0x0882,0x0882,0x0882,0x0882,0x0882,0x0882,0x0882,0x0882,0x3964,0x49C5,0x6225,0x82C7,0x8B07,0x8B07,0xA368,0xB3E9,
  0xB3E9,0xB3E9,0xB3E9,0xB3E9,0xB3E9,0xB3E9,0xB3E9,0xB3E9,0xB3E9,0xB3E9,0xB3E9,0xB3E9,0xB3E9,0xB3E9,0xB3E9,0xB3E9,
  0xB3E9,0xB3E9,0xB3E9,0xB3E9,0xB3E9,0xB3E9,0xB3E9,0xB3E9,0xB3E9,0xB3E9,0xB3E9,0xB3E9,0xB3E9,0xB3E9,0xB3E9,0xB3E9,
  0xB3E9,0xB3E9,0xB3E9,0xB3E9,0xB3E9,0xB3E9,0xB3E9,0xB3E9,0xB3E9,0xB3E9,0xB3E9,0xB3E9,0xB3E9,0xB3E9,0xB3E9,0xB3E9,
  0xB3E9,0xB3E9,0xB3E9,0xB3E9,0xB3E9,0xB3E9,0xB3E9,0xB3E9,0xB3E9,0xB3E9,0xB3E9,0xB3E9,0xB3E9,0xB3E9,0xB3E9,0xB3E9,
  0xB3E9,0xB3E9,0xB3E9,0xB3E9,0xB3E9,0xB3E9,0xB3E9,0xB3E9,0xB3E9,0xB3E9,0xB3E9,0xB3E9,0xB3E9,0x9347,0x2923,0x0882,
  0x0882,0x0882,0x0882,0x0882,0x0882,0x0882,0x0882,0x0882,0x0882,0x0882,0x0882,0x0882,0x0882,0x0882,0x0882,0x0882,
  0x0882,0x0882,0x20E3,0x6225,0x82C7,0xA368,0xB3E9,0xB3E9,0xB3E9,0xB3E9,0xB3E9,0xB3E9,0xB3E9,0xB3E9,0xB3E9,0xB3E9,
  0xB3E9,0xB3E9,0xB3E9,0xB3E9,0xB3E9,0xB3E9,0xB3E9,0xB3E9,0xB3E9,0xB3E9,0xB3E9,0xB3E9,0xB3E9,0xB3E9,0xB3E9,0xB3E9,
  0xB3E9,0xB3E9,0xB3E9,0xB3E9,0xB3E9,0xB3E9,0xB3E9,0xB3E9,0xB3E9,0xB3E9,0xB3E9,0xB3E9,0xB3E9,0xB3E9,0xB3E9,0xB3E9,
  0xB3E9,0xB3E9,0xB3E9,0xB3E9,0xB3E9,0xB3E9,0xB3E9,0xB3E9,0xB3E9,0xB3E9,0xB3E9,0xB3E9,0xB3E9,0xB3E9,0xB3E9,0xB3E9,
  0xB3E9,0xB3E9,0xB3E9,0xB3E9,0xB3E9,0xB3E9,0xB3E9,0xB3E9,0xB3E9,0xB3E9,0xB3E9,0xB3E9,0xB3E9,0xB3E9,0xB3E9,0xB3E9,
  0xB3E9,0xB3E9,0xB3E9,0xB3E9,0xB3E9,0xB3E9,0xB3E9,0xB3E9,0xB3E9,0xB3E9,0xB3E9,0x9347,0x18C2,0x0882,0x0882,0x0882,
  0x0882,0x0882,0x0882,0x0882,0x0882,0x0882,0x0882,0x0882,0x0882,0x0882,0x0882,0x0882,0x0882,0x0882,0x0882,0x5205,
  0x9347,0xB3E9,0xB3E9,0xB3E9,0xB3E9,0xB3E9,0xB3E9,0xB3E9,0xB3E9,0xB3E9,0xB3E9,0xB3E9,0xB3E9,0xB3E9,0xB3E9,0xB3E9,
  0xB3E9,0xB3E9,0xB3E9,0xB3E9,0xB3E9,0xB3E9,0xB3E9,0xB3E9,0xB3E9,0xB3E9,0xB3E9,0xB3E9,0xB3E9,0xB3E9,0xB3E9,0xB3E9,
  0xB3E9,0xB3E9,0xB3E9,0xB3E9,0xB3E9,0xB3E9,0xB3E9,0xB3E9,0xB3E9,0xA368,0xB3E9,0xB3E9,0xB3E9,0xB3E9,0xB3E9,0xB3E9,
  0xB3E9,0xB3E9,0xB3E9,0xB3E9,0xB3E9,0xB3E9,0xB3E9,0xB3E9,0xB3E9,0xB3E9,0xB3E9,0xB3E9,0xB3E9,0xB3E9,0xB3E9,0xB3E9,
  0xB3E9,0xB3E9,0xB3E9,0xB3E9,0xB3E9,0xB3E9,0xB3E9,0xB3E9,0xB3E9,0xB3E9,0xB3E9,0xB3E9,0xB3E9,0xB3E9,0xB3E9,0xB3E9,
  0xB3E9,0xB3E9,0xB3E9,0xB3E9,0xB3E9,0xB3E9,0xB3E9,0xB3E9,0xB3E9,0x8B07,0x18C2,0x0882,0x0882,0x0882,0x0882,0x0882,
  0x0882,0x0882,0x0882,0x0882,0x0882,0x0882,0x0882,0x0882,0x0882,0x0882,0x0882,0x0882,0x3964,0x8B07,0xB3E9,0xB3E9,
  0xB3E9,0xB3E9,0xB3E9,0xB3E9,0xB3E9,0xB3E9,0xB3E9,0xB3E9,0xB3E9,0xB3E9,0xB3E9,0xB3E9,0xB3E9,0xB3E9,0xB3E9,0xB3E9,
  0xB3E9,0xB3E9,0xB3E9,0xB3E9,0xB3E9,0xB3E9,0xB3E9,0xB3E9,0xB3E9,0xB3E9,0xB3E9,0xB3E9,0xB3E9,0xB3E9,0xB3E9,0xB3E9,
  0xB3E9,0xB3E9,0xB3E9,0xB3E9,0xB3E9,0xB3E9,0x82C7,0x3964,0xA368,0xB3E9,0xB3E9,0xB3E9,0xB3E9,0xB3E9,0xB3E9,0xB3E9,
  0xB3E9,0xB3E9,0xB3E9,0xB3E9,0xB3E9,0xB3E9,0xB3E9,0xB3E9,0xB3E9,0xB3E9,0xB3E9,0xB3E9,0xB3E9,0xB3E9,0xB3E9,0xB3E9,
  0xB3E9,0xB3E9,0xB3E9,0xB3E9,0xB3E9,0xB3E9,0xB3E9,0xB3E9,0xB3E9,0xB3E9,0xB3E9,0xB3E9,0xB3E9,0xB3E9,0xB3E9,0xB3E9,
  0xB3E9,0xB3E9,0xB3E9,0xB3E9,0xB3E9,0xB3E9,0xABA8,0x5205,0x0882,0x0882,0x0882,0x0882,0x0882,0x0882,0x0882,0x0882,
  0x0882,0x0882,0x0882,0x0882,0x0882,0x0882,0x0882,0x0882,0x0882,0x0882,0x0882,0xA368,0xB3E9,0xB3E9,0xB3E9,0xB3E9,
  0xB3E9,0xB3E9,0xB3E9,0xB3E9,0xB3E9,0xB3E9,0xB3E9,0xB3E9,0xB3E9,0xB3E9,0xB3E9,0xB3E9,0xB3E9,0xB3E9,0xB3E9,0xB3E9,
  0xB3E9,0xB3E9,0xB3E9,0xB3E9,0xB3E9,0xB3E9,0xB3E9,0xB3E9,0xB3E9,0xB3E9,0xB3E9,0xB3E9,0xB3E9,0xB3E9,0xB3E9,0xB3E9,
  0xB3E9,0xB3E9,0x9347,0x6225,0x20E3,0x0882,0x20E3,0xB3E9,0xB3E9,0xB3E9,0xB3E9,0xB3E9,0xB3E9,0xB3E9,0xB3E9,0xB3E9,
  0xB3E9,0xB3E9,0xB3E9,0xB3E9,0xB3E9,0xB3E9,0xB3E9,0xB3E9,0xB3E9,0xB3E9,0xB3E9,0xB3E9,0xB3E9,0xB3E9,0xB3E9,0xB3E9,
  0xB3E9,0xB3E9,0xB3E9,0xB3E9,0xB3E9,0xB3E9,0xB3E9,0xB3E9,0xB3E9,0xB3E9,0xB3E9,0xB3E9,0xB3E9,0xB3E9,0xB3E9,0xB3E9,
  0xB3E9,0xB3E9,0xB3E9,0xB3E9,0x72A6,0x18C2,0x0882,0x0882,0x0882,0x0882,0x0882,0x0882,0x0882,0x0882,0x0882,0x0882,
  0x0882,0x0882,0x0882,0x0882,0x0882,0x0882,0x0882,0x0882,0x0882,0x18C2,0xABA8,0xB3E9,0xB3E9,0xB3E9,0xB3E9,0xB3E9,
  0xB3E9,0xB3E9,0xB3E9,0xB3E9,0xB3E9,0xB3E9,0xB3E9,0xB3E9,0xB3E9,0xB3E9,0xB3E9,0xB3E9,0xB3E9,0xB3E9,0xB3E9,0xB3E9,
  0xB3E9,0xB3E9,0xB3E9,0xB3E9,0xB3E9,0xB3E9,0xB3E9,0xB3E9,0xB3E9,0xB3E9,0xB3E9,0xB3E9,0xA368,0x6A66,0x5205,0x3964,
  0x18C2,0x0882,0x0882,0x0882,0x0882,0x18C2,0xB3E9,0xB3E9,0xB3E9,0xB3E9,0xB3E9,0xB3E9,0xB3E9,0xB3E9,0xB3E9,0xB3E9,
  0xB3E9,0xB3E9,0xB3E9,0xB3E9,0xB3E9,0xB3E9,0xB3E9,0xB3E9,0xB3E9,0xB3E9,0xB3E9,0xB3E9,0xB3E9,0xB3E9,0xB3E9,0xB3E9,
  0xB3E9,0xB3E9,0xB3E9,0xB3E9,0xB3E9,0xB3E9,0xB3E9,0xB3E9,0xB3E9,0xB3E9,0xB3E9,0xB3E9,0xB3E9,0xB3E9,0xB3E9,0xB3E9,
  0xB3E9,0x72A6,0x20E3,0x0882,0x0882,0x0882,0x0882,0x0882,0x0882,0x0882,0x0882,0x0882,0x0882,0x0882,0x0882,0x0882,
  0x0882,0x0882,0x0882,0x0882,0x0882,0x0882,0x0882,0x0882,0x0882,0x5205,0xB3E9,0xB3E9,0xB3E9,0xB3E9,0xB3E9,0xB3E9,
  0xB3E9,0xB3E9,0xB3E9,0xB3E9,0xB3E9,0xB3E9,0xB3E9,0xB3E9,0xB3E9,0xB3E9,0xB3E9,0xB3E9,0xB3E9,0xB3E9,0xB3E9,0xB3E9,
  0xB3E9,0xB3E9,0xB3E9,0xB3E9,0xB3E9,0xB3E9,0xB3E9,0xB3E9,0xB3E9,0xB3E9,0xABA8,0x2923,0x0882,0x0882,0x0882,0x0882,
  0x0882,0x0882,0x0882,0x0882,0x0882,0x9347,0xB3E9,0xB3E9,0xB3E9,0xB3E9,0xB3E9,0xB3E9,0xB3E9,0xB3E9,0xB3E9,0xB3E9,
  0xB3E9,0xB3E9,0xB3E9,0xB3E9,0xB3E9,0xB3E9,0xB3E9,0xB3E9,0xB3E9,0xB3E9,0xB3E9,0xB3E9,0xB3E9,0xB3E9,0xB3E9,0xB3E9,
  0xB3E9,0xB3E9,0xB3E9,0xB3E9,0xB3E9,0xB3E9,0xB3E9,0xB3E9,0xB3E9,0xB3E9,0xB3E9,0xB3E9,0xB3E9,0xABA8,0x72A6,0x20E3,
  0x0882,0x0882,0x0882,0x0882,0x0882,0x0882,0x0882,0x0882,0x0882,0x0882,0x0882,0x0882,0x0882,0x0882,0x0882,0x0882,
  0x0882,0x0882,0x0882,0x0882,0x0882,0x0882,0x0882,0x0882,0x0882,0x3964,0x9347,0xB3E9,0xB3E9,0xB3E9,0xB3E9,0xB3E9,
  0xB3E9,0xB3E9,0xB3E9,0xB3E9,0xB3E9,0xB3E9,0xB3E9,0xB3E9,0xB3E9,0xB3E9,0xB3E9,0xB3E9,0xB3E9,0xB3E9,0xB3E9,0xB3E9,
  0xB3E9,0xB3E9,0xB3E9,0xB3E9,0xB3E9,0xB3E9,0xB3E9,0xB3E9,0x82C7,0x20E3,0x0882,0x0882,0x0882,0x0882,0x0882,0x0882,
  0x0882,0x0882,0x0882,0x0882,0x49C5,0xB3E9,0xB3E9,0xB3E9,0xB3E9,0xB3E9,0xB3E9,0xB3E9,0xB3E9,0xB3E9,0xB3E9,0xB3E9,
  0xB3E9,0xB3E9,0xB3E9,0xB3E9,0xB3E9,0xB3E9,0xB3E9,0xB3E9,0xB3E9,0xB3E9,0xB3E9,0xB3E9,0xB3E9,0xB3E9,0xB3E9,0xB3E9,
  0xB3E9,0xB3E9,0xB3E9,0xB3E9,0xB3E9,0xB3E9,0xB3E9,0xB3E9,0xB3E9,0xB3E9,0x9347,0x49C5,0x18C2,0x0882,0x0882,0x0882,
  0x0882,0x0882,0x0882,0x0882,0x0882,0x0882,0x0882,0x0882,0x0882,0x0882,0x0882,0x0882,0x0882,0x0882,0x0882,0x0882,
  0x0882,0x0882,0x0882,0x0882,0x0882,0x0882,0x0882,0x0882,0x0882,0x0882,0x3964,0x6225,0x9347,0xB3E9,0xB3E9,0xB3E9,
  0xB3E9,0xB3E9,0xB3E9,0xB3E9,0xB3E9,0xB3E9,0xB3E9,0xB3E9,0xB3E9,0xB3E9,0xB3E9,0xB3E9,0xB3E9,0xB3E9,0xB3E9,0xB3E9,
  0xB3E9,0xB3E9,0xB3E9,0xB3E9,0x82C7,0x6225,0x20E3,0x0882,0x0882,0x0882,0x0882,0x0882,0x0882,0x0882,0x0882,0x0882,
  0x0882,0x0882,0x0882,0x0882,0x5205,0xB3E9,0xB3E9,0xB3E9,0xB3E9,0xB3E9,0xB3E9,0xB3E9,0xB3E9,0xB3E9,0xB3E9,0xB3E9,
  0xB3E9,0xB3E9,0xB3E9,0xB3E9,0xB3E9,0xB3E9,0xB3E9,0xB3E9,0xB3E9,0xB3E9,0xB3E9,0xB3E9,0xB3E9,0xB3E9,0xB3E9,0xB3E9,
  0xB3E9,0xB3E9,0xB3E9,0xB3E9,0xB3E9,0xB3E9,0x8B07,0x5205,0x20E3,0x0882,0x0882,0x0882,0x0882,0x0882,0x0882,0x0882,
  0x0882,0x0882,0x0882,0x0882,0x0882,0x0882,0x0882,0x0882,0x0882,0x0882,0x0882,0x0882,0x0882,0x0882,0x0882,0x0882,
  0x0882,0x0882,0x0882,0x0882,0x0882,0x0882,0x0882,0x0882,0x0882,0x0882,0x0882,0x0882,0x2923,0x49C5,0x6225,0x8B07,
  0xA368,0xB3E9,0xB3E9,0xB3E9,0xB3E9,0xB3E9,0xB3E9,0xB3E9,0xB3E9,0xB3E9,0xB3E9,0xB3E9,0xB3E9,0xB3E9,0x9347,0x82C7,
  0x6225,0x4184,0x20E3,0x0882,0x0882,0x0882,0x0882,0x0882,0x0882,0x0882,0x0882,0x0882,0x0882,0x0882,0x0882,0x0882,
  0x0882,0x0882,0x0882,0x0882,0x2923,0x9347,0xB3E9,0xB3E9,0xB3E9,0xB3E9,0xB3E9,0xB3E9,0xB3E9,0xB3E9,0xB3E9,0xB3E9,
  0xB3E9,0xB3E9,0xB3E9,0xB3E9,0xB3E9,0xB3E9,0xB3E9,0xB3E9,0xB3E9,0xB3E9,0xB3E9,0xB3E9,0xB3E9,0xB3E9,0xB3E9,0xB3E9,
  0xB3E9,0xABA8,0x72A6,0x49C5,0x18C2,0x0882,0x0882,0x0882,0x0882,0x0882,0x0882,0x0882,0x0882,0x0882,0x0882,0x0882,
  0x0882,0x0882,0x0882,0x0882,0x0882,0x0882,0x0882,0x0882,0x0882,0x0882,0x0882,0x0882,0x0882,0x0882,0x0882,0x0882,
  0x0882,0x0882,0x0882,0x0882,0x0882,0x0882,0x0882,0x0882,0x0882,0x0882,0x0882,0x0882,0x0882,0x0882,0x0882,0x0882,
  0x0882,0x0882,0x18C2,0x3964,0x3964,0x3964,0x3964,0x3964,0x3964,0x3964,0x0882,0x0882,0x0882,0x0882,0x0882,0x0882,
  0x0882,0x0882,0x0882,0x0882,0x0882,0x0882,0x0882,0x0882,0x0882,0x0882,0x0882,0x0882,0x0882,0x0882,0x0882,0x0882,
  0x0882,0x0882,0x0882,0x0882,0x0882,0x3964,0x6A66,0xA368,0xB3E9,0xB3E9,0xB3E9,0xB3E9,0xB3E9,0xB3E9,0xB3E9,0xB3E9,
  0xB3E9,0xB3E9,0xB3E9,0xB3E9,0xB3E9,0xB3E9,0xB3E9,0xB3E9,0xB3E9,0xB3E9,0xB3E9,0xB3E9,0xABA8,0x8B07,0x6225,0x2923,
  0x0882,0x0882,0x0882,0x0882,0x0882,0x0882,0x0882,0x0882,0x0882,0x0882,0x0882,0x0882,0x0882,0x0882,0x0882,0x0882,
  0x0882,0x0882,0x0882,0x0882,0x0882,0x0882,0x0882,0x0882,0x0882,0x0882,0x0882,0x0882,0x0882,0x0882,0x0882,0x0882,
  0x0882,0x0882,0x0882,0x0882,0x0882,0x0882,0x0882,0x0882,0x0882,0x0882,0x0882,0x0882,0x0882,0x0882,0x0882,0x0882,
  0x0882,0x0882,0x0882,0x0882,0x0882,0x0882,0x0882,0x0882,0x0882,0x0882,0x0882,0x0882,0x0882,0x0882,0x0882,0x0882,
  0x0882,0x0882,0x0882,0x0882,0x0882,0x0882,0x0882,0x0882,0x0882,0x0882,0x0882,0x0882,0x0882,0x0882,0x0882,0x0882,
  0x0882,0x0882,0x0882,0x0882,0x0882,0x0882,0x0882,0x2923,0x5205,0x82C7,0x8B07,0xABA8,0xB3E9,0xB3E9,0xB3E9,0xB3E9,
  0xB3E9,0xB3E9,0xABA8,0x8B07,0x8B07,0x6A66,0x6225,0x5205,0x3964,0x3964,0x20E3,0x0882,0x0882,0x0882,0x0882,0x0882,
  0x0882,0x0882,0x0882,0x0882,0x0882,0x0882,0x0882,0x0882,0x0882,0x0882,0x0882,0x0882,0x0882,0x0882,0x0882,0x0882,
  0x0882,0x0882,0x0882,0x0882,0x0882,0x0882,0x0882,0x0882,0x0882,0x0882,0x0882,0x0882,0x0882,0x0882,0x0882,0x0882,
  0x0882,0x0882,0x0882,0x0882,0x0882,0x0882,0x0882,0x0882,0x0882,0x0882,0x0882,0x0882,0x0882,0x0882,0x0882,0x0882,
  0x0882,0x0882,0x0882,0x0882,0x0882,0x0882,0x0882,0x0882,0x0882,0x0882,0x0882,0x0882,0x0882,0x0882,0x0882,0x0882,
  0x0882,0x0882,0x0882,0x0882,0x0882,0x0882,0x0882,0x0882,0x0882,0x0882,0x0882,0x0882,0x0882,0x0882,0x0882,0x0882,
  0x0882,0x0882,0x0882,0x0882,0x0882,0x0882,0x0882,0x0882,0x0882,0x0882,0x0882,0x0882,0x0882,0x0882,0x0882,0x18C2,
  0x0882,0x0882,0x0882,0x0882,0x0882,0x0882,0x0882,0x0882,0x0882,0x0882,0x0882,0x0882,0x0882,0x0882,0x0882,0x0882,
  0x0882,0x0882,0x0882,0x0882,0x0882,0x0882,0x0882,0x0882,0x0882,0x0882,0x0882,0x0882,0x0882,0x0882,0x0882,0x0882,
  0x0882,0x0882,0x0882,0x0882,0x0882,0x0882,
};
